player_name,draft_round,draft_number,pts,ast_pct,reb_pct,ts_pct,usg_pct,champ,all_star
A.C. Green,1,23,5.78,0.054,0.2794,0.4868,0.1274,3,1
Aaron Brooks,1,26,8.88,0.2307,0.0924,0.521,0.2222,0,0
Aaron Gordon,1,4,13.2,0.1232222222,0.2244444444,0.5486666667,0.1985555556,1,0
Aaron Gray,2,49,3.242857143,0.08771428571,0.3641428571,0.5271428571,0.1504285714,0,0
Aaron Holiday,1,23,6.56,0.173,0.092,0.5228,0.1776,0,0
Aaron McKie,1,17,6.272727273,0.1810909091,0.1604545455,0.4954545455,0.1382727273,0,0
Aaron Williams,0,0,5.241666667,0.063,0.2694166667,0.5520833333,0.1585,0,0
Abdel Nader,2,58,4.48,0.0666,0.1488,0.5176,0.1592,0,0
Adam Keefe,1,10,4.06,0.0694,0.276,0.5246,0.1328,0,0
Adonal Foyle,1,8,3.783333333,0.04166666667,0.2994166667,0.4959166667,0.12525,0,0
Adrian Griffin,0,0,3.577777778,0.1266666667,0.2212222222,0.4517777778,0.1288888889,0,0
AJ Price,2,52,5.35,0.2488333333,0.1085,0.4765,0.2106666667,0,0
Al Harrington,1,25,12.2,0.09825,0.232375,0.506125,0.229375,0,0
Al Horford,1,3,13.53125,0.1599375,0.267875,0.572375,0.188375,0,5
Al Jefferson,1,15,15.20714286,0.09314285714,0.3352857143,0.53,0.2515,0,0
Al-Farouq Aminu,1,8,7.090909091,0.07572727273,0.2559090909,0.5010909091,0.1492727273,0,0
Alan Anderson,0,0,6.8,0.09675,0.124625,0.520375,0.176625,0,0
Alan Henderson,1,16,7.318181818,0.04827272727,0.2851818182,0.5312727273,0.1738181818,0,0
Alec Burks,1,12,10.9,0.1351666667,0.1635833333,0.53675,0.2138333333,0,0
Alex Caruso,0,0,6.283333333,0.1778333333,0.1201666667,0.546,0.1385,1,0
Alex Len,1,5,6.72,0.0711,0.3064,0.5633,0.1667,0,0
Alexis Ajinca,1,20,4.557142857,0.046,0.2874285714,0.5204285714,0.2017142857,0,0
Alfonzo McKinnie,0,0,3.48,0.034,0.1804,0.5532,0.1496,0,0
Alize Johnson,2,50,2.34,0.065,0.337,0.4904,0.1418,0,0
Allan Houston,1,11,17.91111111,0.1264444444,0.09422222222,0.5398888889,0.2463333333,0,2
Allen Crabbe,2,31,7.7,0.07414285714,0.1161428571,0.5315714286,0.1505714286,0,0
Allen Iverson,1,1,26.06428571,0.2746428571,0.1027857143,0.517,0.311,0,11
Alonzo Gee,0,0,6,0.075625,0.17825,0.50575,0.15075,0,0
Alonzo Mourning,1,2,13.47272727,0.05881818182,0.2982727273,0.5714545455,0.2403636364,1,7
Alvin Williams,2,47,6.877777778,0.2313333333,0.1245555556,0.4181111111,0.1827777778,0,0
Amar'e Stoudemire,1,9,17.50714286,0.0645,0.2892857143,0.5829285714,0.256,0,6
Amir Johnson,2,56,6.757142857,0.08885714286,0.2805,0.6181428571,0.1490714286,0,0
Anderson Varejao,2,30,7.064285714,0.09035714286,0.364,0.5189285714,0.1528571429,0,0
Andray Blatche,2,49,9.366666667,0.1082222222,0.2904444444,0.4945555556,0.2288888889,0,0
Andre Drummond,1,9,13.07272727,0.07745454545,0.4742727273,0.5509090909,0.2138181818,0,2
Andre Iguodala,1,9,10.17368421,0.1934736842,0.1656842105,0.5486842105,0.1521052632,4,1
Andre Miller,1,8,12.04705882,0.3374117647,0.1392941176,0.5358235294,0.2011176471,0,0
Andre Roberson,1,26,3.685714286,0.063,0.2171428571,0.4552857143,0.1045714286,0,0
Andrea Bargnani,1,1,14.27,0.0738,0.1884,0.5242,0.2431,0,0
Andrei Kirilenko,1,24,10.95384615,0.1375384615,0.2164615385,0.5441538462,0.1766923077,0,1
Andres Nocioni,0,0,9.525,0.078125,0.225625,0.514625,0.21575,0,0
Andrew Bogut,1,1,8.6,0.1207857143,0.3542857143,0.5485714286,0.1580714286,1,0
Andrew Bynum,1,10,11.3125,0.075375,0.326875,0.5635,0.1955,2,1
Andrew DeClercq,2,34,4.533333333,0.04766666667,0.2875555556,0.5254444444,0.139,0,0
Andrew Nicholson,1,19,5.58,0.0544,0.2262,0.5046,0.2034,0,0
Andrew Wiggins,1,1,19.07777778,0.1095555556,0.134,0.5355555556,0.2427777778,1,1
Andris Biedrins,1,11,5.2,0.0523,0.3503,0.5514,0.104,0,0
Anfernee Hardaway,1,3,11.34545455,0.2034545455,0.1541818182,0.4795454545,0.1955454545,0,4
Anfernee Simons,1,24,11.66,0.151,0.094,0.558,0.2182,0,0
Antawn Jamison,1,4,17.5875,0.0790625,0.245125,0.5161875,0.2370625,0,2
Anthony Carter,0,0,4.323076923,0.3104615385,0.1216153846,0.4334615385,0.1662307692,0,0
Anthony Davis,1,1,23.81818182,0.1208181818,0.3102727273,0.5864545455,0.2777272727,1,8
Anthony Goldwire,2,52,4.128571429,0.2224285714,0.08785714286,0.438,0.1728571429,0,0
Anthony Johnson,2,39,5.3,0.2398461538,0.1028461538,0.4833846154,0.1620769231,0,0
Anthony Mason,3,53,12.25,0.1716666667,0.2718333333,0.5533333333,0.1551666667,0,1
Anthony Miller,2,39,1.783333333,0.06066666667,0.3758333333,0.464,0.1411666667,0,0
Anthony Morrow,0,0,9.166666667,0.06111111111,0.1043333333,0.5601111111,0.1815555556,0,0
Anthony Parker,1,21,7.211111111,0.1138888889,0.1212222222,0.5851111111,0.1576666667,0,0
Anthony Peeler,1,15,9.211111111,0.1576666667,0.1213333333,0.5104444444,0.1775555556,0,0
Anthony Randolph,1,14,7.166666667,0.08033333333,0.2995,0.5161666667,0.2283333333,0,0
Anthony Tolliver,0,0,5.623076923,0.06684615385,0.1826923077,0.5398461538,0.1323846154,0,0
Antoine Walker,1,6,17.20833333,0.1699166667,0.2506666667,0.48175,0.2594166667,1,3
Antoine Wright,1,15,4.45,0.06616666667,0.1298333333,0.417,0.1491666667,0,0
Antonio Daniels,1,4,6.992307692,0.2356153846,0.1008461538,0.5437692308,0.1593076923,1,0
Antonio Davis,2,45,10.39,0.0676,0.296,0.5098,0.1763,0,1
Antonio Harvey,0,0,2.02,0.0732,0.2344,0.4772,0.1686,0,0
Antonio McDyess,1,2,11.97857143,0.08521428571,0.3211428571,0.5322142857,0.2055,0,1
Aron Baynes,0,0,5.855555556,0.07544444444,0.2931111111,0.5435555556,0.1705555556,1,0
Arron Afflalo,1,27,10.70909091,0.09927272727,0.1182727273,0.5510909091,0.1710909091,0,0
Arvydas Sabonis,1,24,11.58333333,0.1453333333,0.3381666667,0.5605,0.2235,0,0
Austin Croshere,1,12,5.933333333,0.1000833333,0.26675,0.5209166667,0.1926666667,0,0
Austin Daye,1,15,4.766666667,0.08416666667,0.2196666667,0.4861666667,0.1993333333,1,0
Austin Rivers,1,10,8.418181818,0.1339090909,0.09145454545,0.5176363636,0.1674545455,0,0
Avery Bradley,1,19,10.36666667,0.0975,0.1078333333,0.50375,0.1911666667,0,0
Avery Johnson,0,0,7.875,0.32725,0.068875,0.493125,0.182875,1,0
Bam Adebayo,1,14,14.98333333,0.182,0.292,0.6028333333,0.2096666667,0,2
Baron Davis,1,3,15.86153846,0.3551538462,0.1250769231,0.4976153846,0.2428461538,0,2
Ben Gordon,1,3,13.89090909,0.1576363636,0.1047272727,0.5332727273,0.2512727273,0,0
Ben McLemore,1,7,8.466666667,0.06533333333,0.1082222222,0.5427777778,0.182,0,0
Ben Simmons,1,1,14.06,0.3282,0.2242,0.5768,0.1964,0,3
Ben Wallace,0,0,5.39375,0.06225,0.36325,0.4654375,0.10825,1,4
Beno Udrih,1,28,7.946153846,0.2633076923,0.1076923077,0.5286923077,0.1930769231,2,0
Billy Owens,1,3,7.94,0.1336,0.2468,0.466,0.179,0,0
Bimbo Coles,2,40,5.6875,0.241375,0.093375,0.448875,0.15925,0,0
Bismack Biyombo,1,7,5.15,0.05275,0.318,0.5600833333,0.1295,0,0
Blake Griffin,1,1,17.93076923,0.2049230769,0.2608461538,0.5523076923,0.2519230769,0,6
Bo Outlaw,0,0,4.808333333,0.09366666667,0.2295,0.5750833333,0.125,0,0
Bob Sura,1,17,8.811111111,0.2718888889,0.1676666667,0.5017777778,0.1934444444,0,0
Boban Marjanovic,0,0,5.4,0.07625,0.406,0.630875,0.247625,0,0
Bobby Jackson,1,23,10.025,0.20375,0.1589166667,0.5059166667,0.223,0,0
Bobby Portis,1,22,11.425,0.085125,0.30525,0.545625,0.21475,1,0
Bobby Simmons,2,41,6.82,0.0977,0.1724,0.4591,0.1577,0,0
Bogdan Bogdanovic,1,27,14.41666667,0.1701666667,0.1173333333,0.5691666667,0.2085,0,0
Bojan Bogdanovic,2,31,15.9,0.08788888889,0.1256666667,0.5924444444,0.2171111111,0,0
Bonzi Wells,1,11,11.12,0.1487,0.2197,0.5148,0.2597,0,0
Boris Diaw,1,21,8.421428571,0.1942857143,0.1848571429,0.5405714286,0.1612142857,1,0
Bostjan Nachbar,1,15,5.933333333,0.09166666667,0.1651666667,0.5023333333,0.195,0,0
Brad Miller,0,0,10.43571429,0.1587142857,0.2807857143,0.5643571429,0.1812142857,0,2
Bradley Beal,1,3,22.10909091,0.2033636364,0.1232727273,0.5584545455,0.2729090909,0,3
Brandan Wright,1,8,6.66,0.0474,0.2452,0.6173,0.1665,0,0
Brandon Bass,2,33,7.816666667,0.0565,0.2551666667,0.5450833333,0.1845,0,0
Brandon Ingram,1,2,19.82857143,0.1948571429,0.1541428571,0.5531428571,0.2521428571,0,1
Brandon Jennings,1,10,13.15555556,0.3082222222,0.1158888889,0.4942222222,0.2284444444,0,0
Brandon Knight,1,8,12.45555556,0.2158888889,0.113,0.5177777778,0.2313333333,0,0
Brandon Roy,1,6,16.33333333,0.23,0.1431666667,0.5131666667,0.2371666667,0,3
Brandon Rush,1,13,6.088888889,0.07744444444,0.1353333333,0.5134444444,0.1463333333,1,0
Brendan Haywood,1,20,6.592307692,0.03915384615,0.2907692308,0.5378461538,0.1453846154,1,0
Brent Barry,1,15,9.084615385,0.185,0.1352307692,0.6031538462,0.1590769231,2,0
Brent Price,2,32,4.183333333,0.2338333333,0.09966666667,0.534,0.1903333333,0,0
Brevin Knight,1,16,7.383333333,0.3893333333,0.1151666667,0.4685833333,0.1699166667,0,0
Brian Cardinal,2,44,3.6,0.1074166667,0.2018333333,0.5235833333,0.1498333333,1,0
Brian Cook,1,24,4.622222222,0.06788888889,0.2333333333,0.4913333333,0.2094444444,0,0
Brian Grant,1,8,9.16,0.0691,0.3051,0.5265,0.1713,0,0
Brian Roberts,0,0,6.14,0.231,0.0964,0.519,0.1982,0,0
Brian Scalabrine,2,34,2.809090909,0.1098181818,0.1737272727,0.4836363636,0.1344545455,1,0
Brian Shaw,1,24,4.185714286,0.2491428571,0.1785714286,0.3885714286,0.1558571429,3,0
Brian Skinner,1,22,3.907142857,0.0315,0.2546428571,0.4338571429,0.1273571429,0,0
Brook Lopez,1,10,16.52666667,0.0756,0.2089333333,0.5749333333,0.2366,1,1
Bruce Bowen,0,0,5.376923077,0.06592307692,0.1097692308,0.4569230769,0.106,3,0
Bruce Brown,2,42,8.5,0.1344,0.1718,0.5474,0.1498,1,0
Bruno Caboclo,1,20,2.814285714,0.06542857143,0.1921428571,0.4137142857,0.1964285714,0,0
Bruno Sundov,2,35,1.885714286,0.07614285714,0.2075714286,0.3755714286,0.2375714286,0,0
Bryant Reeves,1,6,12.1,0.0922,0.2588,0.5036,0.2078,0,0
Bryant Stith,1,13,8.166666667,0.1201666667,0.1288333333,0.5153333333,0.1675,0,0
Bryce Drew,1,16,3.55,0.2183333333,0.1013333333,0.4296666667,0.158,0,0
Bryn Forbes,0,0,7.842857143,0.09185714286,0.078,0.5492857143,0.176,1,0
Bryon Russell,2,45,8.08,0.1179,0.21,0.4885,0.1425,0,0
Buddy Hield,1,6,16.14285714,0.1292857143,0.1487142857,0.5685714286,0.2251428571,0,0
Byron Mullens,1,24,5.42,0.053,0.2608,0.4432,0.2118,0,0
C.J. Watson,0,0,7.03,0.1938,0.1058,0.5243,0.1711,0,0
Calbert Cheaney,1,6,6.76,0.0958,0.1441,0.4626,0.1498,0,0
Calvin Booth,2,35,3.13,0.0541,0.2434,0.4855,0.1331,0,0
Cameron Payne,1,14,8.2125,0.2555,0.124625,0.5175,0.20275,0,0
Caris LeVert,1,20,14.57142857,0.218,0.1334285714,0.5294285714,0.2304285714,0,0
Carl Landry,2,31,10.05555556,0.05588888889,0.2676666667,0.5953333333,0.2006666667,0,0
Carlos Arroyo,0,0,6.255555556,0.2856666667,0.1092222222,0.5085555556,0.1915555556,0,0
Carlos Boozer,2,34,16.26923077,0.1256923077,0.3536923077,0.5528461538,0.2404615385,0,2
Carlos Delfino,1,25,7.975,0.12175,0.18125,0.507875,0.17525,0,0
Carlos Rogers,1,11,5.483333333,0.07516666667,0.2265,0.595,0.1673333333,0,0
Carmelo Anthony,1,3,22.01578947,0.1337368421,0.1965789474,0.5402105263,0.2872105263,0,10
Caron Butler,1,10,13.69285714,0.1141428571,0.1750714286,0.5188571429,0.2112142857,1,2
Cartier Martin,0,0,5.357142857,0.06171428571,0.1572857143,0.4934285714,0.1734285714,0,0
Cedi Osman,2,31,9.616666667,0.1238333333,0.1338333333,0.5491666667,0.1795,0,0
Cedric Ceballos,2,48,12.32,0.0798,0.2466,0.5256,0.246,0,1
Cedric Henderson,2,44,6.38,0.1134,0.123,0.4718,0.1894,0,0
Chandler Parsons,2,38,10.6,0.1367777778,0.1572222222,0.5227777778,0.1847777778,0,0
Channing Frye,1,8,8.415384615,0.07023076923,0.2278461538,0.5457692308,0.1813076923,1,0
Charles Oakley,1,9,6.275,0.135,0.281875,0.479875,0.137875,0,1
Charles Smith,1,26,3.98,0.0954,0.084,0.4618,0.1976,0,0
Charlie Bell,0,0,6.742857143,0.133,0.1114285714,0.4678571429,0.1648571429,0,0
Charlie Villanueva,1,7,9.590909091,0.067,0.2605454545,0.5108181818,0.24,0,0
Charlie Ward,1,26,6.533333333,0.2838888889,0.1333333333,0.5237777778,0.156,0,0
Chase Budinger,2,44,7.9,0.08928571429,0.1734285714,0.5295714286,0.1811428571,0,0
Chauncey Billups,1,3,14.04705882,0.2604705882,0.1063529412,0.5627058824,0.2147058824,1,5
Cheick Diallo,2,33,4.88,0.0412,0.3492,0.5956,0.168,0,0
Cherokee Parks,1,12,4.0375,0.0565,0.256375,0.48825,0.14075,0,0
Chimezie Metu,2,49,5.02,0.107,0.2592,0.5506,0.1974,0,0
Chris Andersen,0,0,4.78,0.04193333333,0.325,0.5544666667,0.1391333333,1,0
Chris Bosh,1,4,19.39230769,0.09892307692,0.2766153846,0.5691538462,0.2488461538,2,11
Chris Boucher,0,0,7.05,0.03133333333,0.4055,0.4906666667,0.2135,2,0
Chris Carr,2,56,7.08,0.1064,0.1638,0.525,0.2252,0,0
Chris Childs,0,0,5.4,0.2941428571,0.1074285714,0.4808571429,0.1414285714,0,0
Chris Crawford,2,50,6.385714286,0.06671428571,0.1718571429,0.5455714286,0.2145714286,0,0
Chris Douglas-Roberts,2,40,5.55,0.0985,0.1258333333,0.4995,0.1613333333,0,0
Chris Dudley,4,75,1.885714286,0.02957142857,0.3211428571,0.3584285714,0.09442857143,0,0
Chris Duhon,2,38,6.144444444,0.2562222222,0.09833333333,0.5152222222,0.1302222222,0,0
Chris Gatling,1,16,10.98333333,0.06416666667,0.298,0.5086666667,0.2555,0,1
Chris Johnson,0,0,3.828571429,0.044,0.188,0.5507142857,0.1431428571,0,0
Chris Kaman,1,6,10.86153846,0.09507692308,0.3165384615,0.5219230769,0.2223846154,0,1
Chris Mihm,1,7,6.6375,0.06125,0.303375,0.483625,0.1965,0,0
Chris Mills,1,22,10.52857143,0.1091428571,0.2022857143,0.4895714286,0.194,0,0
Chris Mullin,1,7,9.36,0.1276,0.1374,0.5888,0.179,4,5
Chris Paul,1,4,17.84444444,0.4277777778,0.1443333333,0.5816111111,0.2310555556,0,12
Chris Quinn,0,0,3.65,0.2291666667,0.0845,0.463,0.1666666667,0,0
Chris Webber,1,1,19.55,0.1975,0.2895833333,0.5010833333,0.26525,0,5
Chris Whitney,2,47,6.5625,0.256125,0.099,0.53175,0.182,0,0
Chris Wilcox,1,8,7.627272727,0.06072727273,0.2881818182,0.5753636364,0.1840909091,0,0
Christian Laettner,1,3,9.733333333,0.1394444444,0.2482222222,0.5436666667,0.1857777778,0,1
Christian Wood,0,0,11.87142857,0.07471428571,0.2915714286,0.5938571429,0.2224285714,0,0
Chuck Hayes,0,0,3.427272727,0.09518181818,0.3109090909,0.5180909091,0.1060909091,0,0
Chucky Atkins,0,0,8.827272727,0.2330909091,0.07772727273,0.502,0.1897272727,0,0
Chucky Brown,2,43,4.466666667,0.07783333333,0.21,0.4751666667,0.1576666667,1,0
CJ McCollum,1,10,18.66,0.1753,0.1117,0.5485,0.2512,0,0
CJ Miles,2,34,8.24375,0.0831875,0.122625,0.4866875,0.193,0,0
Clar. Weatherspoon,1,9,7.955555556,0.066,0.2968888889,0.5322222222,0.156,0,0
Clifford Robinson,2,36,12.51818182,0.1281818182,0.1495454545,0.5037272727,0.1997272727,0,1
Clint Capela,1,25,11.66666667,0.05333333333,0.3925555556,0.5994444444,0.1768888889,0,0
Cody Zeller,1,4,8.2,0.0949,0.2926,0.5898,0.1662,0,0
Cole Aldrich,1,11,2.5875,0.0705,0.359375,0.5425,0.138625,0,0
Collin Sexton,1,8,18.42,0.165,0.095,0.5584,0.2582,0,0
Corey Brewer,1,7,7.746153846,0.09876923077,0.1496153846,0.4970769231,0.1685384615,1,0
Corey Maggette,1,13,15.5,0.1210714286,0.1917857143,0.5669285714,0.2512142857,0,0
Corie Blount,1,25,3.5875,0.05925,0.30625,0.495875,0.1205,0,0
Corliss Williamson,1,13,11.11818182,0.08745454545,0.1914545455,0.5354545455,0.2312727273,1,0
Cory Alexander,1,29,5.083333333,0.293,0.131,0.4636666667,0.19,0,0
Cory Joseph,1,29,6.666666667,0.2019166667,0.1200833333,0.5200833333,0.1553333333,1,0
Courtney Lee,1,22,9.083333333,0.09291666667,0.1094166667,0.5515,0.15825,0,0
Craig Smith,2,36,7.233333333,0.08416666667,0.2721666667,0.5823333333,0.1986666667,0,0
Cristiano Felicio,0,0,3.833333333,0.09116666667,0.3021666667,0.6051666667,0.123,0,0
Cuttino Mobley,2,41,15.68181818,0.1209090909,0.116,0.5324545455,0.2096363636,0,0
D.J. Augustin,1,9,9.414285714,0.2609285714,0.08542857143,0.5588571429,0.1860714286,0,0
D.J. Wilson,1,17,4.62,0.0988,0.223,0.5792,0.1594,0,0
D'Angelo Russell,1,2,17.925,0.30825,0.11675,0.540875,0.271625,0,1
Daequan Cook,1,21,6.133333333,0.0695,0.1411666667,0.4918333333,0.179,0,0
Dahntay Jones,1,20,5.707692308,0.09461538462,0.1375384615,0.4884615385,0.1906923077,1,0
Dale Davis,1,13,6.572727273,0.05236363636,0.3304545455,0.5220909091,0.1273636364,0,1
Damian Jones,1,30,4.414285714,0.05757142857,0.2277142857,0.6495714286,0.1274285714,2,0
Damian Lillard,1,6,25.5,0.3044545455,0.1200909091,0.5860909091,0.2883636364,0,7
Damien Wilkins,0,0,5.65,0.1071,0.1424,0.496,0.1606,0,0
Damion Lee,0,0,8.4,0.09283333333,0.1581666667,0.5698333333,0.1613333333,1,0
Damon Jones,0,0,5.981818182,0.1962727273,0.09236363636,0.5319090909,0.1586363636,0,0
Damon Stoudamire,1,7,12.46666667,0.29025,0.1236666667,0.4948333333,0.20775,0,0
Damyean Dotson,2,44,6.04,0.1078,0.1194,0.5168,0.1494,0,0
Dan Dickau,1,28,5.05,0.2656666667,0.1041666667,0.5098333333,0.1911666667,0,0
Dan Gadzuric,2,33,3.92,0.0386,0.3532,0.4407,0.1582,0,0
Dan Majerle,1,14,6.983333333,0.1325,0.1568333333,0.5238333333,0.125,0,3
Dana Barros,1,16,8.5,0.1982857143,0.08742857143,0.5775714286,0.189,0,1
Daniel Gibson,2,42,7.657142857,0.133,0.1,0.5401428571,0.1557142857,0,0
Daniel Theis,0,0,7.5,0.1001666667,0.2365,0.5953333333,0.1601666667,0,0
Danilo Gallinari,1,6,15.11538462,0.09769230769,0.1703846154,0.5896923077,0.2069230769,0,0
Danny Ferry,1,2,5.885714286,0.08657142857,0.1515714286,0.5378571429,0.1471428571,1,0
Danny Fortson,1,10,7.83,0.0449,0.4234,0.5796,0.1775,0,0
Danny Granger,1,17,15,0.0947,0.1719,0.5307,0.2308,0,1
Danny Green,2,46,7.842857143,0.07978571429,0.1436428571,0.5645,0.1597142857,3,0
Danny Manning,1,1,7.814285714,0.1298571429,0.227,0.5201428571,0.2048571429,0,2
Dante Cunningham,2,33,5.69,0.0512,0.2094,0.522,0.1322,0,0
Dante Exum,1,5,5.716666667,0.1855,0.1136666667,0.5106666667,0.1693333333,0,0
Danuel House Jr.,0,0,7.666666667,0.08033333333,0.1393333333,0.5718333333,0.144,0,0
Dario Saric,1,12,10.63333333,0.1171666667,0.2365,0.5658333333,0.1996666667,0,0
Darius Miles,1,3,9.9,0.1245714286,0.2087142857,0.501,0.2158571429,0,0
Darius Miller,2,46,4.533333333,0.09966666667,0.08483333333,0.5123333333,0.1153333333,0,0
Darius Songaila,2,49,6.4125,0.0945,0.215375,0.532875,0.175,0,0
Darko Milicic,1,2,4.88,0.0697,0.2531,0.4143,0.197,0,0
Darrell Armstrong,0,0,8.975,0.2800833333,0.1325,0.5178333333,0.18875,0,0
Darrell Arthur,1,27,6.055555556,0.07744444444,0.2134444444,0.4996666667,0.1862222222,0,0
Darren Collison,1,21,11.6,0.2434545455,0.09836363636,0.542,0.1850909091,0,0
Darrick Martin,0,0,4.809090909,0.2457272727,0.06536363636,0.4215454545,0.2032727273,0,0
Darvin Ham,0,0,2.8375,0.064375,0.215,0.521125,0.12175,1,0
David Lee,1,30,13.25833333,0.1209166667,0.3389166667,0.5823333333,0.1989166667,1,2
David Nwaba,0,0,6.65,0.07,0.1796666667,0.577,0.1443333333,0,0
David Robinson,1,1,15.42857143,0.1004285714,0.3451428571,0.5605714286,0.2454285714,2,10
David Wesley,0,0,13.04545455,0.2143636364,0.08936363636,0.5141818182,0.1928181818,0,0
David West,1,18,13.26666667,0.141,0.2651333333,0.5425333333,0.2210666667,2,2
David Wingate,2,44,2.64,0.162,0.0862,0.5104,0.137,0,0
Davis Bertans,2,42,7.928571429,0.07257142857,0.1332857143,0.6037142857,0.1584285714,0,0
De'Aaron Fox,1,5,20.56666667,0.2931666667,0.1116666667,0.5488333333,0.2718333333,0,1
De'Anthony Melton,2,46,8.52,0.1744,0.1574,0.526,0.1776,0,0
Dean Garrett,2,38,4.4,0.04266666667,0.2991666667,0.4848333333,0.1246666667,0,0
Deandre Ayton,1,1,16.82,0.0824,0.3408,0.6204,0.2136,0,0
DeAndre Jordan,2,35,8.526666667,0.0566,0.3968666667,0.6478,0.1385333333,1,1
DeAndre Liggins,2,53,1.92,0.0712,0.2258,0.5932,0.1372,0,0
DeAndre' Bembry,1,21,5.483333333,0.1355,0.1605,0.5228333333,0.1478333333,0,0
Dee Brown,1,19,7.116666667,0.1578333333,0.1021666667,0.4551666667,0.1726666667,0,0
Dejounte Murray,1,29,13.28333333,0.2571666667,0.2016666667,0.5156666667,0.2311666667,0,1
DeJuan Blair,2,37,5.914285714,0.07228571429,0.3407142857,0.5171428571,0.1927142857,0,0
Dell Curry,1,15,9.05,0.122,0.114,0.5446666667,0.2185,0,0
Delon Wright,1,20,6.875,0.211,0.15125,0.555625,0.157875,0,0
Delonte West,1,24,9.0625,0.21675,0.123,0.534625,0.1805,0,0
DeMar DeRozan,1,9,21.03571429,0.1910714286,0.1395714286,0.5519285714,0.2696428571,0,6
DeMarcus Cousins,1,5,19.03636364,0.1795454545,0.3718181818,0.5414545455,0.3025454545,0,4
DeMarre Carroll,1,27,7.818181818,0.08227272727,0.1910909091,0.5123636364,0.1596363636,0,0
Dennis Schroder,1,17,13.79,0.2831,0.1114,0.5226,0.2471,0,0
Dennis Smith Jr.,1,9,9.233333333,0.2896666667,0.1225,0.4691666667,0.214,0,0
Denzel Valentine,1,14,6.3,0.1276,0.1792,0.5064,0.179,0,0
Derek Anderson,1,13,11.22727273,0.2028181818,0.1326363636,0.5289090909,0.2014545455,1,0
Derek Fisher,1,24,8.305555556,0.1766111111,0.09238888889,0.5097222222,0.1616111111,5,0
Derek Strong,2,47,6.64,0.045,0.2948,0.4904,0.1796,0,0
DerMarr Johnson,1,6,5.571428571,0.08028571429,0.1332857143,0.5174285714,0.1971428571,0,0
Deron Williams,1,3,16.35833333,0.3786666667,0.1069166667,0.5485833333,0.2355,0,3
Derrick Coleman,1,1,11.98888889,0.1025555556,0.3073333333,0.482,0.2161111111,0,0
Derrick Favors,1,3,10.33333333,0.07133333333,0.3179166667,0.5685833333,0.1864166667,0,0
Derrick Jones Jr.,0,0,5.9,0.04957142857,0.1658571429,0.5812857143,0.1294285714,0,0
Derrick McKey,1,9,4.716666667,0.1121666667,0.2075,0.4901666667,0.1298333333,0,0
Derrick Rose,1,1,16.37142857,0.2747142857,0.1067142857,0.5179285714,0.2675,0,3
Derrick White,1,29,10.9,0.1828333333,0.1258333333,0.5828333333,0.1833333333,0,0
Derrick Williams,1,2,7.642857143,0.04942857143,0.199,0.4878571429,0.1965714286,0,0
DeSagana Diop,1,8,1.691666667,0.06233333333,0.2845,0.4074166667,0.1021666667,0,0
DeShawn Stevenson,1,23,6.638461538,0.1132307692,0.1168461538,0.4654615385,0.1673076923,1,0
Desmond Mason,1,17,10.85,0.0817,0.1802,0.4996,0.1882,0,0
Detlef Schrempf,1,8,11.8,0.1898,0.2326,0.556,0.19,0,3
Devean George,1,23,5.472727273,0.06763636364,0.1930909091,0.4810909091,0.1625454545,3,0
Devin Booker,1,13,24.275,0.229125,0.118375,0.574125,0.296625,0,3
Devin Brown,0,0,6.775,0.122625,0.1735,0.489375,0.199125,1,0
Devin Harris,1,5,10.72666667,0.2472666667,0.1038,0.5496,0.2076,0,1
Devonte' Graham,2,34,11.4,0.26,0.09,0.5228,0.1952,0,0
Dewayne Dedmon,0,0,6.15,0.0585,0.3562,0.5937,0.1587,0,0
Dickey Simpkins,1,21,3.7,0.1828,0.2028,0.3858,0.122,3,0
Dikembe Mutombo,1,4,7.415384615,0.03461538462,0.3778461538,0.5636153846,0.1330769231,0,8
Dillon Brooks,2,45,14.1,0.1085,0.1051666667,0.5106666667,0.2318333333,0,0
Dion Glover,1,20,7.266666667,0.1223333333,0.1588333333,0.4818333333,0.2078333333,0,0
Dion Waiters,1,4,13.175,0.168,0.10325,0.499625,0.237125,1,0
Dirk Nowitzki,1,9,20.10952381,0.118047619,0.2454285714,0.568,0.2602380952,1,14
DJ Mbenga,0,0,1.671428571,0.04542857143,0.2264285714,0.4867142857,0.154,2,0
DJ White,1,29,4.783333333,0.05666666667,0.2743333333,0.467,0.1621666667,0,0
Domantas Sabonis,1,11,15.48571429,0.202,0.3267142857,0.594,0.2142857143,0,3
Dominic McGuire,2,47,2.55,0.1016666667,0.26,0.4283333333,0.1106666667,0,0
Don MacLean,1,19,5.72,0.0728,0.1964,0.4278,0.2064,0,0
Don Reid,2,58,3.257142857,0.04128571429,0.2204285714,0.496,0.1414285714,0,0
Donald Sloan,0,0,5.14,0.2762,0.1282,0.4728,0.1768,0,0
Donatas Motiejunas,1,20,5.966666667,0.1116666667,0.229,0.4996666667,0.2176666667,0,0
Donnell Harvey,1,22,4.3,0.0854,0.3618,0.6204,0.1726,0,0
Donovan Mitchell,1,13,24.81666667,0.225,0.1198333333,0.5651666667,0.309,0,4
Donte DiVincenzo,1,17,8.58,0.1432,0.1684,0.5418,0.1618,1,0
Donyell Marshall,1,4,10.75384615,0.08961538462,0.2893076923,0.5252307692,0.2037692308,0,0
Dorell Wright,1,19,6.790909091,0.1105454545,0.2027272727,0.5057272727,0.1833636364,1,0
Dorian Finney-Smith,0,0,8.042857143,0.07285714286,0.1652857143,0.547,0.1301428571,0,0
Doug Christie,1,17,10.41818182,0.1739090909,0.1375454545,0.5083636364,0.1618181818,0,0
Doug McDermott,1,11,9.1,0.06655555556,0.1133333333,0.581,0.1737777778,0,0
Doug Overton,2,40,3.6,0.214,0.09257142857,0.4562857143,0.1741428571,0,0
Doug West,2,38,4.72,0.1138,0.1138,0.4524,0.1352,0,0
Draymond Green,2,35,8.581818182,0.2456363636,0.238,0.5296363636,0.1505454545,4,4
Drew Eubanks,0,0,5.36,0.0948,0.286,0.65,0.1514,0,0
Drew Gooden,1,4,9.985714286,0.07735714286,0.3171428571,0.4985714286,0.2139285714,0,0
Duane Causwell,1,18,2.48,0.0298,0.2792,0.5068,0.1546,0,0
Duncan Robinson,0,0,9.44,0.0782,0.105,0.5866,0.1598,0,0
Dwayne Jones,0,0,1.04,0.0134,0.3914,0.4034,0.09,0,0
Dwight Howard,1,1,15.38888889,0.06855555556,0.4077777778,0.6092777778,0.2140555556,1,8
Dwight Powell,2,45,7.266666667,0.07744444444,0.2491111111,0.6514444444,0.1496666667,0,0
Dwyane Wade,1,5,21.83125,0.2843125,0.155875,0.55025,0.3059375,3,13
E'Twaun Moore,2,55,7.44,0.1309,0.1031,0.524,0.1728,0,0
Earl Barron,0,0,4.225,0.04075,0.28475,0.4075,0.200375,0,0
Earl Boykins,0,0,7.784615385,0.2943846154,0.08192307692,0.4969230769,0.2190769231,0,0
Earl Clark,1,14,4.016666667,0.0595,0.2351666667,0.447,0.1806666667,0,0
Earl Watson,2,39,5.823076923,0.3011538462,0.1193076923,0.4786153846,0.156,0,0
Ed Davis,1,13,5.2,0.06216666667,0.3536666667,0.5708333333,0.1245833333,0,0
Eddie Gill,0,0,3.142857143,0.2684285714,0.1271428571,0.5361428571,0.1705714286,0,0
Eddie Griffin,1,7,6.18,0.063,0.2962,0.4194,0.1786,0,0
Eddie House,2,37,7.345454545,0.1600909091,0.1136363636,0.5055454545,0.218,1,0
Eddie Jones,1,10,14.75833333,0.1450833333,0.139,0.546,0.1976666667,0,3
Eddie Robinson,0,0,7.16,0.0822,0.16,0.529,0.1764,0,0
Eddy Curry,1,4,9.663636364,0.02845454545,0.2393636364,0.5664545455,0.2373636364,1,0
Edmond Sumner,2,52,4.88,0.087,0.1816,0.6314,0.1818,0,0
Eduardo Najera,2,38,4.475,0.07066666667,0.2266666667,0.514,0.13,0,0
Ekpe Udoh,1,6,3.314285714,0.07914285714,0.2181428571,0.5264285714,0.1224285714,0,0
Elden Campbell,1,27,10.22222222,0.08811111111,0.2827777778,0.5021111111,0.222,1,0
Eldridge Recasner,0,0,4.033333333,0.2131666667,0.1021666667,0.494,0.1521666667,0,0
Elfrid Payton,1,10,9.85,0.30175,0.154625,0.479875,0.196625,0,0
Elliot Perry,2,37,5.133333333,0.2906666667,0.1001666667,0.4968333333,0.1913333333,0,0
Elton Brand,1,1,14.84117647,0.1083529412,0.2915882353,0.5317058824,0.2152352941,0,2
Emanual Davis,0,0,4.866666667,0.1676666667,0.124,0.505,0.1573333333,0,0
Emeka Okafor,1,2,11.44,0.0464,0.3533,0.5342,0.1845,0,0
Emmanuel Mudiay,1,7,9.333333333,0.297,0.106,0.4778333333,0.2276666667,0,0
Enes Kanter,1,3,11.37,0.0648,0.3814,0.5898,0.2148,0,0
Eric Bledsoe,1,18,13.775,0.2570833333,0.1455833333,0.5413333333,0.2276666667,0,0
Eric Gordon,1,7,16.35333333,0.1412666667,0.0794,0.5615333333,0.2250666667,0,0
Eric Maynor,1,20,4.04,0.2988,0.1072,0.4576,0.1788,0,0
Eric Montross,1,9,2.466666667,0.03883333333,0.2911666667,0.4183333333,0.1153333333,0,0
Eric Piatkowski,1,15,6.783333333,0.09083333333,0.1279166667,0.5549166667,0.1771666667,0,0
Eric Snow,2,43,6.825,0.2893333333,0.10525,0.4665,0.1375,0,0
Eric Williams,1,14,8.636363636,0.103,0.1560909091,0.508,0.1846363636,0,0
Erick Dampier,1,10,6.975,0.055875,0.323,0.516625,0.1490625,0,0
Erick Strickland,0,0,7.577777778,0.2026666667,0.1458888889,0.4971111111,0.2013333333,0,0
Ersan Ilyasova,2,36,9.730769231,0.07230769231,0.26,0.5427692308,0.1936153846,0,0
Ervin Johnson,1,23,3.73,0.0323,0.3356,0.525,0.1006,0,0
Etan Thomas,1,12,4.977777778,0.02977777778,0.3135555556,0.5438888889,0.158,0,0
Evan Fournier,1,20,13.36363636,0.1383636364,0.1007272727,0.559,0.2106363636,0,0
Evan Turner,1,2,9.12,0.2017,0.1827,0.4872,0.1851,0,0
Fabricio Oberto,0,0,2.733333333,0.084,0.2575,0.5875,0.106,1,0
Felton Spencer,1,6,2.35,0.023,0.3036666667,0.5033333333,0.137,0,0
Flip Murray,2,41,8.8375,0.17275,0.103,0.474125,0.24475,0,0
Francisco Elson,2,41,3.044444444,0.06355555556,0.2501111111,0.4737777778,0.1315555556,1,0
Francisco Garcia,1,23,7.36,0.1027,0.1306,0.5162,0.1645,0,0
Frank Jackson,2,31,6.96,0.1186,0.1686,0.431,0.2082,0,0
Frank Kaminsky,1,9,8.5375,0.133125,0.212625,0.563625,0.191,0,0
Frank Ntilikina,1,8,4.6,0.1641666667,0.09916666667,0.4728333333,0.1508333333,0,0
Fred Hoiberg,2,52,5.3,0.1297777778,0.1696666667,0.5463333333,0.1378888889,0,0
Fred Jones,1,14,6.814285714,0.1534285714,0.1052857143,0.5177142857,0.1544285714,0,0
Fred VanVleet,0,0,14.18571429,0.2487142857,0.1148571429,0.531,0.2118571429,1,1
Furkan Korkmaz,1,26,6.283333333,0.098,0.1233333333,0.5151666667,0.1751666667,0,0
Garrett Temple,0,0,5.738461538,0.1273846154,0.115,0.5065384615,0.1493846154,0,0
Gary Grant,1,15,3.04,0.2608,0.0792,0.4264,0.1836,0,0
Gary Harris,1,19,11.18888889,0.09722222222,0.08922222222,0.5462222222,0.1675555556,0,0
Gary Neal,0,0,8.8,0.1277142857,0.1105714286,0.4901428571,0.2194285714,0,0
Gary Payton,1,2,17.4,0.319,0.1314545455,0.5216363636,0.2279090909,1,9
Gary Payton II,0,0,4.014285714,0.152,0.1788571429,0.6062857143,0.1515714286,1,0
Gary Trent,1,11,9.4125,0.092,0.267875,0.520375,0.2225,0,0
Gary Trent Jr.,2,37,12.52,0.0696,0.0816,0.5208,0.1976,0,0
George Hill,1,26,10.38666667,0.1797333333,0.1181333333,0.5749333333,0.1709333333,0,0
George Lynch,1,12,6.544444444,0.1141111111,0.2532222222,0.4711111111,0.1505555556,0,0
George McCloud,1,7,9.133333333,0.1538333333,0.1573333333,0.5225,0.1843333333,0,0
Georges Niang,2,50,5.157142857,0.09314285714,0.1625714286,0.5245714286,0.1718571429,0,0
Gerald Green,1,18,9.108333333,0.08316666667,0.145,0.5266666667,0.2306666667,0,0
Gerald Henderson,1,12,10.85,0.1175,0.14575,0.51,0.207375,3,0
Gerald Wallace,1,25,10.85,0.1067857143,0.2258571429,0.5187857143,0.1817857143,0,1
Giannis Antetokounmpo,1,15,23.25,0.2476,0.2951,0.5961,0.2869,1,7
Gilbert Arenas,2,30,18.36363636,0.2738181818,0.1266363636,0.5268181818,0.2582727273,0,3
Glen Davis,2,35,8.4125,0.07325,0.246,0.497625,0.203125,1,0
Glen Rice,1,4,14.475,0.099875,0.130875,0.530125,0.208625,1,3
Glenn Robinson,1,1,19.32222222,0.1261111111,0.1872222222,0.5247777778,0.2798888889,1,2
Glenn Robinson III,2,40,5.328571429,0.06657142857,0.1422857143,0.5305714286,0.1422857143,0,0
Goran Dragic,2,45,12.78,0.2671333333,0.1214666667,0.5433333333,0.2226,0,1
Gordan Giricek,2,40,9.433333333,0.1158333333,0.1248333333,0.522,0.2063333333,0,0
Gordon Hayward,1,9,14.58461538,0.1639230769,0.1580769231,0.5644615385,0.2113076923,0,1
Gorgui Dieng,1,21,6.85,0.1165,0.3037,0.5733,0.1669,0,0
Grant Hill,1,3,15.41875,0.195625,0.1961875,0.542375,0.225,0,7
Grant Long,2,33,5.314285714,0.08085714286,0.2274285714,0.4991428571,0.1337142857,0,0
Grayson Allen,1,21,9.28,0.1008,0.1026,0.5864,0.1728,0,0
Greg Anthony,1,12,6.7,0.2691666667,0.1035,0.5265,0.1863333333,0,0
Greg Buckner,2,53,5.02,0.1003,0.1784,0.5179,0.132,0,0
Greg Foster,2,35,3.257142857,0.07914285714,0.2494285714,0.4344285714,0.171,1,0
Greg Monroe,1,7,11.99,0.1337,0.3428,0.5564,0.2155,0,0
Greg Ostertag,1,28,4.62,0.0542,0.3334,0.5071,0.1237,0,0
Greg Smith,0,0,3.12,0.03,0.2814,0.6102,0.118,0,0
Greivis Vasquez,1,28,7.642857143,0.3012857143,0.1134285714,0.4814285714,0.1878571429,0,0
Hakeem Olajuwon,1,1,14.63333333,0.1123333333,0.3021666667,0.5226666667,0.2393333333,2,12
Hakim Warrick,1,19,8.8875,0.075,0.23025,0.538375,0.219125,0,0
Hamed Haddadi,0,0,2.28,0.0684,0.4016,0.514,0.1814,0,0
Hamidou Diallo,2,45,8.5,0.0846,0.191,0.5326,0.1948,0,0
Harrison Barnes,1,7,14.27272727,0.08445454545,0.1652727273,0.5662727273,0.1862727273,1,0
Hasheem Thabeet,1,2,1.92,0.0124,0.285,0.565,0.1034,0,0
Hassan Whiteside,2,33,10.27,0.0337,0.3874,0.5285,0.1822,0,0
Hedo Turkoglu,1,16,10.16,0.1606,0.1704666667,0.5205333333,0.1918666667,0,0
Henry Ellenson,1,18,4.22,0.1202,0.2652,0.4154,0.1986,0,0
Henry Walker,2,47,6.1,0.0854,0.1568,0.5802,0.1628,0,0
Hersey Hawkins,1,6,9.14,0.147,0.1386,0.5762,0.1494,0,1
Hilton Armstrong,1,12,2.7,0.05583333333,0.31,0.5036666667,0.144,0,0
Horace Grant,1,10,8.4375,0.09875,0.23775,0.497625,0.138375,4,1
Howard Eisley,2,30,6.64,0.2965,0.0977,0.4968,0.1843,0,0
Hubert Davis,1,20,6.2125,0.114625,0.090125,0.48875,0.143875,0,0
Ian Clark,0,0,4.9,0.1293333333,0.1031666667,0.5196666667,0.188,1,0
Ian Mahinmi,1,28,5.025,0.05591666667,0.2805833333,0.58225,0.1745,1,0
Ike Austin,2,48,7.916666667,0.1096666667,0.2756666667,0.464,0.2081666667,0,0
Ike Diogu,1,9,4.95,0.0345,0.2518333333,0.541,0.2026666667,0,0
Iman Shumpert,1,17,6.14,0.0946,0.1392,0.462,0.1521,1,0
Ime Udoka,0,0,3.942857143,0.1037142857,0.1932857143,0.4438571429,0.1541428571,0,0
Ira Newble,0,0,4.475,0.059625,0.188,0.487625,0.135625,0,0
Isaiah Canaan,2,34,7.333333333,0.1703333333,0.09966666667,0.518,0.1861666667,0,0
Isaiah Hartenstein,2,43,5,0.1236,0.2808,0.61,0.1454,0,0
Isaiah Rider,1,5,14.31666667,0.1473333333,0.1568333333,0.5116666667,0.255,1,0
Isaiah Thomas,2,60,14.98181818,0.2458181818,0.08663636364,0.5357272727,0.263,0,2
Ish Smith,0,0,6.576923077,0.2998461538,0.1332307692,0.4524615385,0.1912307692,1,0
Ivica Zubac,2,32,8.357142857,0.08328571429,0.3237142857,0.6247142857,0.1717142857,0,0
J.J. Barea,0,0,8.721428571,0.3302857143,0.1217857143,0.509,0.2372142857,1,0
Jabari Parker,1,2,12.1875,0.112,0.216875,0.566375,0.216875,0,0
Jacque Vaughn,1,27,4.125,0.2645833333,0.099,0.4900833333,0.1716666667,1,0
Jae Crowder,2,34,9.445454545,0.09118181818,0.174,0.5538181818,0.1581818182,0,0
Jahidi White,2,43,4.928571429,0.01428571429,0.3591428571,0.5164285714,0.1682857143,0,0
Jahlil Okafor,1,3,9.55,0.08433333333,0.2458333333,0.5925,0.2173333333,0,0
JaKarr Sampson,0,0,7.366666667,0.0585,0.1996666667,0.5613333333,0.1678333333,0,0
Jake Layman,2,47,4.566666667,0.065,0.1183333333,0.4951666667,0.1596666667,0,0
Jake Tsakalidis,1,25,4.4,0.03714285714,0.2832857143,0.5288571429,0.1515714286,0,0
Jake Voskuhl,2,33,3.577777778,0.05733333333,0.2857777778,0.5185555556,0.1387777778,0,0
Jakob Poeltl,1,9,7.957142857,0.09742857143,0.3035714286,0.6232857143,0.1437142857,0,0
Jalen Brunson,2,33,14.08,0.244,0.1158,0.58,0.2124,0,0
Jalen Rose,1,13,14.45454545,0.1903636364,0.1289090909,0.5322727273,0.2377272727,0,0
Jamaal Magloire,1,19,6.191666667,0.04008333333,0.3686666667,0.5015833333,0.1626666667,0,1
Jamaal Tinsley,1,27,7.881818182,0.3546363636,0.1248181818,0.4495454545,0.1861818182,0,0
Jamal Crawford,1,8,13.93,0.21455,0.08125,0.5312,0.2358,0,0
Jamal Mashburn,1,4,17.9125,0.185,0.176,0.503375,0.249875,0,1
Jamal Murray,1,7,17.41666667,0.2018333333,0.1238333333,0.559,0.238,1,0
Jamal Sampson,2,46,1.64,0.1528,0.4034,0.4484,0.113,0,0
Jamario Moon,0,0,5.44,0.0746,0.216,0.5046,0.1302,0,0
Jameer Nelson,1,20,11.31428571,0.2910714286,0.12,0.528,0.2035,0,1
James Anderson,1,20,4.94,0.1036,0.1422,0.51,0.161,0,0
James Ennis III,2,50,6.475,0.0745,0.1745,0.5815,0.1535,0,0
James Harden,1,3,24.57857143,0.3335,0.1711428571,0.608,0.2900714286,0,10
James Johnson,1,16,7.2,0.1507857143,0.1865,0.53,0.1791428571,0,0
James Jones,2,49,4.642857143,0.05357142857,0.1211428571,0.5566428571,0.1502142857,3,0
James Posey,1,18,8.408333333,0.09516666667,0.2039166667,0.5403333333,0.1511666667,2,0
James Singleton,0,0,4.56,0.0614,0.3288,0.5406,0.1448,0,0
Jamie Feick,2,48,4.34,0.052,0.3802,0.459,0.1176,0,0
JaMychal Green,0,0,7.366666667,0.06855555556,0.2826666667,0.5826666667,0.1683333333,0,0
Jannero Pargo,0,0,5.872727273,0.2519090909,0.1026363636,0.4901818182,0.2378181818,0,0
Jared Dudley,1,22,6.614285714,0.102,0.1651428571,0.5535,0.1306428571,1,0
Jared Jeffries,1,11,4.427272727,0.08345454545,0.2200909091,0.459,0.1245454545,0,0
Jared Sullinger,1,21,9.26,0.099,0.3264,0.4752,0.2084,0,0
Jaren Jackson,0,0,5.533333333,0.1003333333,0.1238333333,0.5023333333,0.1666666667,1,0
Jaren Jackson Jr.,1,4,16.1,0.0654,0.194,0.5766,0.2424,0,1
Jarred Vanderbilt,2,41,4.54,0.0824,0.2858,0.6034,0.1348,0,0
Jarrett Allen,1,22,12.23333333,0.076,0.31,0.6601666667,0.1616666667,0,1
Jarrett Jack,1,22,10.40769231,0.2716153846,0.1102307692,0.5524615385,0.1898461538,0,0
Jarron Collins,2,52,3.49,0.067,0.2172,0.4999,0.1142,0,0
Jarvis Hayes,1,10,8.5,0.07842857143,0.157,0.5014285714,0.1807142857,0,0
Jason Caffey,1,20,7.514285714,0.07257142857,0.2435714286,0.5264285714,0.1892857143,2,0
Jason Collier,1,15,5.42,0.0392,0.2488,0.4922,0.186,0,0
Jason Collins,1,18,2.930769231,0.05507692308,0.196,0.454,0.1005384615,0,0
Jason Hart,2,49,3.655555556,0.2447777778,0.1134444444,0.5414444444,0.1527777778,0,0
Jason Kapono,2,31,5.644444444,0.07044444444,0.1048888889,0.5026666667,0.161,1,0
Jason Kidd,1,2,12.37647059,0.3697647059,0.1974117647,0.5152941176,0.1838235294,1,10
Jason Maxiell,1,26,5.19,0.0351,0.2527,0.5014,0.1592,0,0
Jason Richardson,1,5,16.20769231,0.1311538462,0.1616153846,0.5206923077,0.2269230769,0,0
Jason Smith,1,20,6.145454545,0.07454545455,0.2399090909,0.5093636364,0.1883636364,0,0
Jason Terry,1,10,12.88421053,0.2027894737,0.08573684211,0.5529473684,0.1971052632,1,0
Jason Thompson,1,12,8.5875,0.06925,0.302125,0.532875,0.164625,0,0
Jason Williams,1,7,10.2,0.297,0.08775,0.5020833333,0.1826666667,1,0
JaVale McGee,1,18,7.366666667,0.0416,0.3154666667,0.5858,0.2023333333,3,0
Jaylen Brown,1,3,18.47142857,0.1185714286,0.1708571429,0.5674285714,0.2494285714,0,2
Jayson Tatum,1,3,22.73333333,0.1545,0.1976666667,0.5768333333,0.27,0,4
Jeff Adrien,0,0,3.88,0.0718,0.3484,0.498,0.1582,0,0
Jeff Ayres,2,31,2.683333333,0.05983333333,0.2995,0.5801666667,0.148,1,0
Jeff Foster,1,21,4.469230769,0.07223076923,0.3782307692,0.5307692308,0.1196153846,0,0
Jeff Green,1,5,12.17333333,0.08566666667,0.1562,0.5558,0.1942,1,0
Jeff McInnis,2,37,7.990909091,0.2647272727,0.09018181818,0.4881818182,0.1818181818,0,0
Jeff Teague,1,19,11.90833333,0.30325,0.09808333333,0.5421666667,0.21175,1,1
Jeff Withey,2,39,2.92,0.0406,0.2838,0.5538,0.1588,0,0
Jelani McCoy,2,33,2.9875,0.040375,0.27975,0.51575,0.127,1,0
Jerami Grant,2,39,13.05555556,0.08733333333,0.1506666667,0.56,0.1906666667,0,0
Jeremy Evans,2,55,2.942857143,0.06042857143,0.252,0.6794285714,0.1334285714,0,0
Jeremy Lamb,1,12,9.45,0.1133,0.1757,0.5384,0.2131,0,0
Jeremy Lin,0,0,12.01111111,0.2667777778,0.1103333333,0.546,0.2224444444,1,0
Jerian Grant,1,19,5.72,0.225,0.1048,0.5074,0.164,0,0
Jermaine Jackson,0,0,1.78,0.2084,0.1388,0.464,0.1198,0,0
Jermaine O'Neal,1,17,12.15,0.0805,0.2955555556,0.5121111111,0.2280555556,0,6
Jerome James,2,36,3.566666667,0.03455555556,0.3303333333,0.5391111111,0.2295555556,0,0
Jerome Kersey,2,46,4.82,0.091,0.22,0.4356,0.1578,1,0
Jerome Moiso,1,11,2.18,0.0484,0.3426,0.492,0.1584,0,0
Jerome Williams,1,26,6.288888889,0.06166666667,0.339,0.5351111111,0.15,0,0
Jerry Stackhouse,1,3,13.80588235,0.1737647059,0.1170588235,0.5002941176,0.2462941176,0,2
Jerryd Bayless,1,11,8.6,0.2331818182,0.1170909091,0.5133636364,0.2076363636,0,0
Jevon Carter,2,32,5.12,0.1494,0.1152,0.5268,0.1458,0,0
Jim Jackson,1,4,11.3,0.1573,0.1644,0.4951,0.1971,0,0
Jim McIlvaine,2,32,2.64,0.0284,0.2366,0.4542,0.1062,0,0
Jimmer Fredette,1,10,4.866666667,0.2335,0.07633333333,0.5118333333,0.2265,0,0
Jimmy Butler,1,30,17.975,0.2000833333,0.1715833333,0.57875,0.22225,0,6
JJ Hickson,1,19,9.0875,0.063375,0.331125,0.53275,0.20575,0,0
JJ Redick,1,11,12.15333333,0.1166,0.087,0.5944,0.1978,0,0
Joakim Noah,1,9,7.576923077,0.1703846154,0.3526923077,0.5356153846,0.1558461538,0,2
Jodie Meeks,2,41,8.74,0.0855,0.111,0.5601,0.1845,1,0
Joe Harris,2,33,9.277777778,0.09722222222,0.1461111111,0.5847777778,0.1551111111,0,0
Joe Ingles,0,0,8.433333333,0.2006666667,0.1267777778,0.5941111111,0.1431111111,0,0
Joe Johnson,1,10,15.24444444,0.1751666667,0.1246111111,0.5528333333,0.2202222222,0,7
Joe Smith,1,1,9.773333333,0.06486666667,0.2848,0.4942,0.1918666667,0,0
Joel Anthony,0,0,2,0.0226,0.2318,0.5618,0.0841,2,0
Joel Embiid,1,3,26.54285714,0.192,0.3402857143,0.6067142857,0.3474285714,0,6
Joel Przybilla,1,9,3.138461538,0.03369230769,0.349,0.4919230769,0.09430769231,0,0
Joey Graham,1,16,5.65,0.056,0.2066666667,0.546,0.1811666667,0,0
Johan Petro,1,25,4.4125,0.056,0.30725,0.483625,0.16575,0,0
John Collins,1,19,16.41666667,0.07866666667,0.2665,0.6256666667,0.202,0,0
John Crotty,0,0,4.5,0.273,0.09985714286,0.5241428571,0.1685714286,0,0
John Henson,1,14,7.225,0.09425,0.296125,0.557625,0.18075,0,0
John Jenkins,1,23,4.233333333,0.09966666667,0.1223333333,0.5525,0.1728333333,0,0
John Lucas III,0,0,3.5375,0.219625,0.065875,0.4045,0.20025,0,0
John Salmons,1,26,8.592307692,0.1486923077,0.1272307692,0.5093846154,0.1606153846,0,0
John Starks,0,0,11.35,0.1893333333,0.103,0.4796666667,0.2196666667,0,1
John Stockton,1,16,12.18571429,0.4498571429,0.112,0.6048571429,0.1925714286,0,10
John Thomas,1,25,2.52,0.0388,0.2214,0.5126,0.1212,0,0
John Wall,1,1,18.47272727,0.4021818182,0.1257272727,0.5142727273,0.2750909091,0,5
John Wallace,1,18,7.014285714,0.08514285714,0.2004285714,0.5057142857,0.2412857143,0,0
Johnny Newman,2,29,9.1,0.08416666667,0.0955,0.5495,0.1888333333,0,0
Jon Barry,1,21,5.85,0.1995,0.122,0.573,0.1524,0,0
Jon Leuer,2,40,5.6625,0.07225,0.262375,0.5365,0.176375,0,0
Jonas Jerebko,2,39,6.244444444,0.07488888889,0.2503333333,0.5546666667,0.1567777778,0,0
Jonas Valanciunas,1,5,13.56363636,0.07690909091,0.3828181818,0.6154545455,0.213,0,0
Jonathan Bender,1,5,5.225,0.0935,0.18675,0.536,0.22025,0,0
Jordan Bell,2,38,2.72,0.104,0.3042,0.4154,0.1132,1,0
Jordan Clarkson,2,46,15.91111111,0.167,0.124,0.5404444444,0.2537777778,0,0
Jordan Crawford,1,27,11.61666667,0.238,0.105,0.5258333333,0.2535,0,0
Jordan Farmar,1,26,7.7,0.2486,0.1093,0.5248,0.1968,2,0
Jordan Hamilton,1,26,6.08,0.101,0.2172,0.5094,0.2024,0,0
Jordan Hill,1,8,6.8375,0.0555,0.346625,0.517875,0.192125,0,0
Jose Calderon,0,0,8.457142857,0.3203571429,0.1077857143,0.5603571429,0.1546428571,0,0
Josh Childress,1,6,6.725,0.0935,0.198125,0.47375,0.121375,0,0
Josh Hart,1,30,9.95,0.1141666667,0.21,0.5805,0.1423333333,0,0
Josh Howard,1,29,13.01,0.0823,0.2082,0.4993,0.2237,0,1
Josh Jackson,1,4,10.68,0.1254,0.1644,0.5042,0.2302,0,0
Josh McRoberts,2,37,4.145454545,0.1375454545,0.2277272727,0.4822727273,0.1412727273,0,0
Josh Okogie,1,20,6.34,0.0798,0.1432,0.5252,0.1408,0,0
Josh Powell,0,0,3.8,0.05942857143,0.27,0.4681428571,0.1737142857,2,0
Josh Richardson,2,40,11.55,0.1325,0.1075,0.543375,0.177,0,0
Josh Smith,1,17,13.4,0.1493076923,0.2602307692,0.4815384615,0.2261538462,0,0
JR Smith,1,18,11.3875,0.1238125,0.125,0.5183125,0.208125,2,0
Jrue Holiday,1,17,16.36428571,0.3,0.1272142857,0.5402857143,0.2325714286,1,2
Juan Dixon,1,17,7.985714286,0.1717142857,0.1172857143,0.4937142857,0.226,0,0
Juancho Hernangomez,1,15,4.771428571,0.05642857143,0.2165714286,0.5422857143,0.134,0,0
Jud Buechler,2,38,2.883333333,0.09683333333,0.1638333333,0.495,0.1165,3,0
Julius Randle,1,7,16.97777778,0.1648888889,0.2641111111,0.5204444444,0.2493333333,0,2
Jumaine Jones,1,27,5.875,0.061875,0.23125,0.48175,0.177375,0,0
Justin Anderson,1,21,5,0.09083333333,0.1851666667,0.4933333333,0.171,0,0
Justin Holiday,0,0,7.73,0.096,0.1142,0.517,0.1604,1,0
Justin Jackson,1,15,4.933333333,0.1041666667,0.1398333333,0.4875,0.154,1,0
Justise Winslow,1,10,8.5375,0.154,0.198375,0.459625,0.175875,0,0
Jusuf Nurkic,1,16,12.51111111,0.1472222222,0.3552222222,0.5405555556,0.2344444444,0,0
Juwan Howard,1,5,11.1,0.1169411765,0.2392941176,0.4989411765,0.2058235294,2,1
Kareem Rush,1,20,5.671428571,0.1017142857,0.1101428571,0.465,0.178,0,0
Karl Malone,1,13,22.8875,0.21575,0.297875,0.568625,0.29025,0,14
Karl-Anthony Towns,1,1,23.225,0.167125,0.327125,0.6235,0.264,0,3
Kawhi Leonard,1,15,19.48181818,0.1557272727,0.2139090909,0.5974545455,0.2520909091,2,5
Keita Bates-Diop,2,48,5.9,0.0688,0.1812,0.5466,0.1498,0,0
Keith Bogans,2,43,5.781818182,0.08945454545,0.1365454545,0.5449090909,0.1370909091,0,0
Keith Van Horn,1,2,16.06666667,0.08388888889,0.2432222222,0.5353333333,0.2407777778,0,0
Kelenna Azubuike,0,0,9.24,0.0554,0.1426,0.5458,0.209,0,0
Kelly Olynyk,1,13,10.28,0.1478,0.2367,0.5925,0.1934,0,0
Kelly Oubre Jr.,1,15,13.3,0.05725,0.1735,0.536375,0.205625,0,0
Kelvin Cato,1,15,4.97,0.0333,0.2999,0.5277,0.1413,0,0
Kemba Walker,1,9,17.99166667,0.26375,0.1218333333,0.5360833333,0.2580833333,0,4
Kendall Gill,1,5,11.02222222,0.1412222222,0.1566666667,0.4583333333,0.2014444444,0,0
Kendrick Perkins,1,27,4.835714286,0.08071428571,0.3021428571,0.5380714286,0.1429285714,1,0
Kenneth Faried,1,22,10.8,0.0615,0.363125,0.581375,0.19125,0,0
Kenny Anderson,1,2,9.966666667,0.2741111111,0.1198888889,0.4903333333,0.1888888889,0,1
Kenny Thomas,1,22,7.618181818,0.08372727273,0.2933636364,0.4887272727,0.1525454545,0,0
Kenrich Williams,0,0,6.6,0.122,0.197,0.526,0.1282,0,0
Kent Bazemore,0,0,7.97,0.1299,0.1452,0.5112,0.194,0,0
Kentavious Caldwell-Pope,1,8,11.47,0.0829,0.1075,0.5491,0.1643,2,0
Kenyon Martin,1,1,10.72666667,0.09006666667,0.2574666667,0.5055333333,0.1838666667,0,1
Keon Clark,1,13,6.633333333,0.06316666667,0.2851666667,0.4918333333,0.1596666667,0,0
Kerry Kittles,1,8,13.1625,0.129,0.137375,0.511625,0.190125,0,0
Kevin Durant,1,2,27.23333333,0.2042,0.1984666667,0.6233333333,0.2981333333,2,13
Kevin Garnett,1,5,17.35,0.182,0.335,0.54025,0.2406,1,15
Kevin Huerter,1,19,12.22,0.1466,0.1156,0.5594,0.171,0,0
Kevin Knox II,1,9,6.56,0.066,0.1564,0.5104,0.181,0,0
Kevin Love,1,5,16.88666667,0.124,0.3727333333,0.5638,0.2378666667,1,5
Kevin Martin,1,26,17.15,0.1043333333,0.1223333333,0.5705833333,0.2359166667,0,0
Kevin Ollie,0,0,3.2,0.2128461538,0.1147692308,0.4786923077,0.1305384615,0,0
Kevin Seraphin,1,17,5.657142857,0.07157142857,0.2605714286,0.5097142857,0.2004285714,0,0
Kevin Willis,1,11,7.53,0.0545,0.3176,0.486,0.2064,1,1
Kevon Looney,1,30,4.3875,0.097125,0.31625,0.577875,0.124125,3,0
Keyon Dooling,1,10,6.561538462,0.1872307692,0.07,0.5190769231,0.1889230769,0,0
Khem Birch,0,0,4.55,0.07933333333,0.244,0.5838333333,0.1203333333,0,0
Khris Middleton,2,39,16.30909091,0.1835454545,0.1552727273,0.5669090909,0.2283636364,1,3
Kirk Hinrich,1,7,10.36923077,0.2414615385,0.1069230769,0.5121538462,0.1733846154,0,0
Klay Thompson,1,11,19.74,0.1128,0.1096,0.5706,0.2521,4,5
Kobe Bryant,1,13,24.2,0.2387,0.1604,0.5432,0.3116,5,18
Kosta Koufos,1,23,5.3,0.05218181818,0.3279090909,0.5352727273,0.1632727273,0,0
Kris Dunn,1,5,8.271428571,0.2487142857,0.1448571429,0.4548571429,0.1797142857,0,0
Kris Humphries,1,14,6.515384615,0.06669230769,0.3390769231,0.505,0.1906923077,0,0
Kristaps Porzingis,1,4,19.85714286,0.09128571429,0.2542857143,0.5628571429,0.2677142857,0,1
Kurt Thomas,1,10,7.476470588,0.07229411765,0.3149411765,0.5081764706,0.1672941176,0,0
Kwame Brown,1,1,6.166666667,0.066,0.30225,0.5118333333,0.1550833333,0,0
Kyle Anderson,1,30,6.8,0.1572222222,0.2103333333,0.5326666667,0.142,0,0
Kyle Korver,2,51,9.6,0.1027647059,0.1277058824,0.6015882353,0.1624117647,0,1
Kyle Kuzma,1,27,16.46666667,0.118,0.1936666667,0.5438333333,0.2303333333,1,0
Kyle Lowry,1,24,14.24705882,0.2961764706,0.1534117647,0.5661176471,0.2041764706,1,6
Kyle O'Quinn,2,49,5.1625,0.15625,0.336875,0.548625,0.182375,0,0
Kyle Singler,2,33,5.416666667,0.0495,0.148,0.5,0.1461666667,0,0
Kyrie Irving,1,1,23.775,0.2830833333,0.1231666667,0.5809166667,0.2901666667,1,8
Kyrylo Fesenko,2,38,2.24,0.0614,0.3504,0.4868,0.163,0,0
Lamar Odom,1,4,13.27142857,0.183,0.2762857143,0.5222857143,0.2004285714,2,0
LaMarcus Aldridge,1,2,18.6875,0.098125,0.2649375,0.548,0.253125,0,7
Lamond Murray,1,7,10.63333333,0.09255555556,0.2054444444,0.5044444444,0.2266666667,0,0
Lance Stephenson,2,40,7.62,0.2174,0.1788,0.4916,0.1959,0,0
Lance Thomas,0,0,4.555555556,0.063,0.1637777778,0.4882222222,0.1366666667,0,0
Landry Fields,2,39,5.46,0.104,0.1996,0.5122,0.1316,0,0
Landry Shamet,1,26,8.94,0.1096,0.0746,0.5698,0.1574,0,0
Langston Galloway,0,0,7.375,0.117,0.116,0.498,0.162625,0,0
LaPhonso Ellis,1,5,10.9,0.08557142857,0.2402857143,0.492,0.2098571429,0,0
Larry Hughes,1,8,13.16153846,0.1717692308,0.1486153846,0.4703846154,0.2286923077,0,0
Larry Johnson,1,1,12.18,0.1194,0.1986,0.5346,0.1866,0,2
Larry Nance Jr.,1,27,7.9875,0.11475,0.273125,0.587875,0.13775,0,0
Larry Sanders,1,15,5.583333333,0.05,0.3311666667,0.4715,0.1786666667,0,0
Latrell Sprewell,1,24,18.18888889,0.1816666667,0.1211111111,0.5038888889,0.2492222222,0,4
Lauri Markkanen,1,7,17.1,0.06833333333,0.2268333333,0.5845,0.2195,0,1
Lavoy Allen,2,50,4.65,0.08866666667,0.3005,0.4903333333,0.1378333333,0,0
Lawrence Funderburke,2,51,5.942857143,0.05414285714,0.2528571429,0.5324285714,0.1878571429,0,0
Leandro Barbosa,1,28,10.16428571,0.1527857143,0.1066428571,0.5485,0.2169285714,1,0
LeBron James,1,1,27.2,0.3498,0.2188,0.58935,0.3134,4,19
Lee Nailon,2,43,7.433333333,0.09366666667,0.2028333333,0.5113333333,0.2211666667,0,0
Leon Powe,2,49,5.82,0.033,0.3176,0.5616,0.2016,1,0
Linas Kleiza,1,27,8.628571429,0.064,0.2048571429,0.5272857143,0.2014285714,0,0
Lindsey Hunter,1,10,6.971428571,0.188,0.1021428571,0.4480714286,0.1780714286,2,0
Linton Johnson,0,0,2.7,0.054,0.2488333333,0.3925,0.1408333333,1,0
Lonnie Walker IV,1,18,8.8,0.109,0.1084,0.5116,0.2016,0,0
Lonzo Ball,1,2,11.9,0.253,0.1648,0.5148,0.1778,0,0
Loren Woods,2,45,2.366666667,0.06666666667,0.2786666667,0.491,0.1385,0,0
Lorenzen Wright,1,7,7.253846154,0.05392307692,0.2996923077,0.4688461538,0.1656153846,0,0
Lorenzo Brown,2,52,2.72,0.2336,0.1354,0.406,0.1772,0,0
Lou Amundson,0,0,3,0.0503,0.3045,0.4547,0.1515,0,0
Lou Williams,2,45,13.19411765,0.2211764706,0.1033529412,0.5422941176,0.2502941176,0,0
Loy Vaught,1,13,6.16,0.058,0.341,0.4438,0.1758,0,0
Luc Longley,1,7,7.5,0.1,0.2502,0.4852,0.183,3,0
Luc Mbah a Moute,2,37,5.941666667,0.05058333333,0.1745833333,0.5098333333,0.1341666667,0,0
Lucious Harris,2,28,6.811111111,0.1127777778,0.1278888889,0.492,0.1716666667,0,0
Luis Scola,2,55,11.66,0.1076,0.3003,0.5343,0.2192,0,0
Luka Doncic,1,3,27.7,0.4124,0.2446,0.5794,0.3474,0,4
Luke Babbitt,1,16,4.7375,0.066375,0.189375,0.524875,0.16275,0,0
Luke Kennard,1,12,10.43333333,0.1265,0.1181666667,0.6033333333,0.1685,0,0
Luke Kornet,0,0,4.816666667,0.1,0.1961666667,0.55,0.148,0,0
Luke Ridnour,1,14,9.066666667,0.2705,0.10325,0.5129166667,0.1808333333,0,0
Luke Walton,2,32,4.35,0.2068,0.1835,0.4681,0.1476,2,0
Luol Deng,1,7,13.44666667,0.1060666667,0.185,0.5256666667,0.193,0,2
Luther Head,1,24,7.533333333,0.1695,0.1215,0.5323333333,0.1826666667,0,0
Malcolm Brogdon,2,36,15.78571429,0.2394285714,0.1404285714,0.5744285714,0.221,0,0
Malik Allen,0,0,4.36,0.0555,0.2191,0.4559,0.1687,0,0
Malik Beasley,1,19,10.55714286,0.08957142857,0.1181428571,0.5478571429,0.199,0,0
Malik Monk,1,11,10.81666667,0.1743333333,0.1093333333,0.5463333333,0.2276666667,0,0
Malik Rose,2,44,5.8,0.09115384615,0.2876153846,0.494,0.2013846154,2,0
Mamadou N'diaye,1,26,3.22,0.0118,0.2784,0.5134,0.1626,0,0
Manu Ginobili,2,57,13.15,0.2383125,0.1563125,0.580875,0.2365625,4,2
Marc Gasol,2,48,13.71538462,0.1707692308,0.2592307692,0.5606153846,0.2003846154,1,3
Marc Jackson,2,37,8.385714286,0.06914285714,0.2568571429,0.5054285714,0.21,0,0
Marcin Gortat,2,57,9.183333333,0.06716666667,0.3530833333,0.56625,0.1695,0,0
Marco Belinelli,1,18,9.307692308,0.1125384615,0.09661538462,0.544,0.1906153846,1,0
Marcus Banks,1,13,5.1875,0.21925,0.10025,0.5285,0.194,0,0
Marcus Camby,1,2,9.188235294,0.09547058824,0.3790588235,0.4902941176,0.1672352941,0,0
Marcus Fizer,1,4,9.033333333,0.1025,0.2663333333,0.4941666667,0.251,0,0
Marcus Morris,1,14,9.716666667,0.0815,0.1783333333,0.4958333333,0.1981666667,0,0
Marcus Morris Sr.,1,14,14.03333333,0.08016666667,0.1683333333,0.5626666667,0.2065,0,0
Marcus Smart,1,6,10.68888889,0.2127777778,0.1201111111,0.5135555556,0.173,0,0
Marcus Thornton,2,43,11.5875,0.101375,0.1405,0.525125,0.227125,0,0
Mario Chalmers,2,34,8.877777778,0.2131111111,0.108,0.5456666667,0.1748888889,2,0
Mario Elie,7,160,8.34,0.144,0.1108,0.5872,0.1364,3,0
Mario Hezonja,1,5,6.84,0.104,0.1724,0.5114,0.18,0,0
Mark Blount,2,54,7.411111111,0.05733333333,0.2313333333,0.5303333333,0.1773333333,0,0
Mark Bryant,1,21,4.571428571,0.06757142857,0.2474285714,0.4875714286,0.143,0,0
Mark Jackson,1,18,7.1375,0.416625,0.146,0.503875,0.157,0,1
Mark Madsen,1,29,1.866666667,0.04877777778,0.2424444444,0.429,0.09655555556,2,0
Mark Pope,2,52,1.183333333,0.0395,0.189,0.3655,0.1231666667,0,0
Mark Strickland,0,0,3.914285714,0.04042857143,0.303,0.4928571429,0.1874285714,0,0
Markelle Fultz,1,1,10.85,0.3016666667,0.1305,0.4873333333,0.2233333333,0,0
Markieff Morris,1,13,9.95,0.1026666667,0.2174166667,0.5278333333,0.2015,1,0
Marko Jaric,2,30,7.114285714,0.223,0.1272857143,0.4837142857,0.1632857143,0,0
Marquese Chriss,1,8,6.9,0.105,0.3016666667,0.5045,0.2011666667,0,0
Marquis Daniels,0,0,7.65,0.1344,0.15,0.4919,0.1884,0,0
Marreese Speights,1,16,7.91,0.0775,0.303,0.527,0.2507,1,0
MarShon Brooks,1,25,9.84,0.1476,0.1396,0.5446,0.2376,0,0
Martell Webster,1,6,7.48,0.0608,0.139,0.4891,0.1606,0,0
Marvin Bagley III,1,2,13.3,0.0548,0.2778,0.5532,0.2214,0,0
Marvin Williams,1,2,10.20666667,0.072,0.2054666667,0.5496666667,0.1644666667,0,0
Mason Plumlee,1,22,8.54,0.1589,0.3114,0.6093,0.1643,0,0
Mateen Cleaves,1,14,2.716666667,0.2648333333,0.0945,0.4068333333,0.2048333333,0,0
Matt Barnes,2,45,7.771428571,0.1140714286,0.2232857143,0.5379285714,0.1605,1,0
Matt Bonner,2,45,5.591666667,0.06416666667,0.2058333333,0.5854166667,0.1505,2,0
Matt Bullard,0,0,5.066666667,0.0815,0.1388333333,0.526,0.1591666667,1,0
Matt Carroll,0,0,5.08,0.0978,0.1168,0.4528,0.1704,0,0
Matt Geiger,2,42,8.383333333,0.05116666667,0.2846666667,0.4493333333,0.212,0,0
Matt Harpring,1,15,10.87272727,0.09781818182,0.2256363636,0.5264545455,0.1995454545,0,0
Matt Maloney,0,0,5.7,0.1928333333,0.07466666667,0.4795,0.1421666667,0,0
Matthew Dellavedova,0,0,4.688888889,0.2785555556,0.09377777778,0.4783333333,0.1401111111,1,0
Maurice Evans,0,0,6.1,0.06988888889,0.136,0.5292222222,0.1621111111,0,0
Maurice Harkless,1,15,6.53,0.058,0.1604,0.5409,0.1335,0,0
Maurice Taylor,1,14,10.43333333,0.08666666667,0.2262222222,0.4835555556,0.2295555556,0,0
Maxi Kleber,0,0,6.883333333,0.0685,0.192,0.5825,0.1225,0,0
Mehmet Okur,2,37,12.25,0.108,0.2845,0.5367,0.2096,1,1
Melvin Ely,1,12,4.511111111,0.06577777778,0.2114444444,0.4952222222,0.1658888889,1,0
Metta World Peace,1,16,13.01176471,0.135,0.1635882353,0.4986470588,0.2121764706,1,1
Meyers Leonard,1,11,5.12,0.0801,0.2721,0.6049,0.1492,0,0
Michael Beasley,1,2,11.69090909,0.1025454545,0.2305454545,0.525,0.2662727273,0,0
Michael Bradley,1,17,2.08,0.0594,0.2968,0.5014,0.129,0,0
Michael Carter-Williams,1,11,8.788888889,0.2576666667,0.1787777778,0.4735555556,0.2052222222,0,0
Michael Curry,0,0,4.266666667,0.1031111111,0.09644444444,0.5144444444,0.1128888889,0,0
Michael Dickerson,1,14,12.2,0.1246,0.093,0.5126,0.1994,0,0
Michael Doleac,1,12,4.63,0.0596,0.2578,0.4734,0.1688,1,0
Michael Finley,1,21,15.59285714,0.1349285714,0.1409285714,0.5256428571,0.2129285714,1,2
Michael Kidd-Gilchrist,1,2,8.4125,0.072875,0.232,0.522125,0.161,0,0
Michael Olowokandi,1,1,7.744444444,0.04244444444,0.2926666667,0.4535555556,0.1825555556,0,0
Michael Redd,2,43,16.15833333,0.113,0.13125,0.52175,0.2538333333,0,1
Michael Ruffin,2,32,1.555555556,0.05555555556,0.3303333333,0.4073333333,0.09111111111,0,0
Michael Smith,2,35,5.32,0.096,0.3612,0.5562,0.1092,0,0
Michael Stewart,0,0,1.775,0.036625,0.291375,0.450125,0.10825,0,0
Mickael Pietrus,1,11,7.99,0.0592,0.1587,0.5306,0.1808,0,0
Mikal Bridges,1,10,13.04,0.0986,0.1234,0.6114,0.1526,0,0
Mike Bibby,1,2,14.17857143,0.2602857143,0.1051428571,0.5263571429,0.2035714286,0,0
Mike Conley,1,4,14.78125,0.28,0.1029375,0.549,0.2156875,0,1
Mike Dunleavy,1,3,11.08666667,0.1232,0.1657333333,0.5531333333,0.1821333333,0,0
Mike James,0,0,7.8,0.2600714286,0.1095,0.4706428571,0.2177142857,1,0
Mike Miller,1,5,9.705882353,0.1517058824,0.1886470588,0.5677058824,0.1642941176,2,0
Mike Muscala,2,44,6.14,0.0817,0.2155,0.5827,0.1649,0,0
Mike Scott,2,43,6.166666667,0.08944444444,0.2064444444,0.5273333333,0.1791111111,0,0
Mike Wilks,0,0,2.7,0.1911428571,0.1142857143,0.5112857143,0.1554285714,1,0
Mikki Moore,0,0,4.815384615,0.072,0.2424615385,0.6127692308,0.153,0,0
Miles Plumlee,1,26,4.185714286,0.06557142857,0.2818571429,0.529,0.1501428571,0,0
Milt Palacio,0,0,4.657142857,0.2444285714,0.1178571429,0.476,0.1671428571,0,0
Mirza Teletovic,0,0,7.716666667,0.08166666667,0.1973333333,0.5438333333,0.2008333333,0,0
Mitch Richmond,1,5,17.75,0.1571666667,0.1118333333,0.5365,0.2521666667,1,6
Mitchell Butler,0,0,3.28,0.1142,0.141,0.4846,0.1644,0,0
Mitchell Robinson,2,36,8.24,0.0374,0.3014,0.6868,0.1146,0,0
Mo Bamba,1,6,7.36,0.0808,0.2996,0.5642,0.1766,0,0
Mo Williams,2,47,12.89230769,0.2723846154,0.1090769231,0.5235384615,0.227,1,1
Monta Ellis,2,40,17.65833333,0.2069166667,0.1128333333,0.519,0.2438333333,0,0
Monte Morris,2,51,9.3,0.2383333333,0.093,0.5975,0.1601666667,0,0
Montrezl Harrell,2,32,11.3875,0.0965,0.231,0.6435,0.20075,0,0
Monty Williams,1,24,5.928571429,0.1062857143,0.1647142857,0.472,0.1941428571,0,0
Moochie Norris,2,33,4.377777778,0.2816666667,0.1392222222,0.4452222222,0.1784444444,0,0
Mookie Blaylock,1,12,11.6,0.3058333333,0.1336666667,0.4656666667,0.1873333333,0,1
Moritz Wagner,1,25,7.98,0.1114,0.2178,0.6008,0.1984,0,0
Morris Peterson,1,21,9.490909091,0.08281818182,0.1573636364,0.5152727273,0.1779090909,0,0
Muggsy Bogues,1,12,4.78,0.3216,0.1026,0.4204,0.1222,0,0
Myles Turner,1,11,13.3,0.0625,0.237125,0.585125,0.193875,0,0
Nate Robinson,1,21,9.690909091,0.2347272727,0.1058181818,0.4762727273,0.216,0,0
Nazr Mohammed,1,29,4.961111111,0.03661111111,0.3279444444,0.5003888889,0.187,1,0
Nemanja Bjelica,2,35,7.4,0.131,0.2288571429,0.5735714286,0.159,1,0
Nenad Krstic,1,24,10.38571429,0.05771428571,0.2522857143,0.5275714286,0.1968571429,0,0
Nene,1,7,10.12941176,0.1037647059,0.2492352941,0.5407058824,0.2122352941,0,0
Nerlens Noel,1,6,6.333333333,0.075,0.2844444444,0.5754444444,0.1367777778,0,0
Nick Anderson,1,11,9.8,0.1188333333,0.1765,0.4505,0.2006666667,0,0
Nick Collison,1,12,5.357142857,0.08628571429,0.2807142857,0.5785714286,0.1317142857,0,0
Nick Van Exel,2,37,13.95,0.3154,0.102,0.5001,0.2226,0,1
Nick Young,1,16,10.88333333,0.07191666667,0.09266666667,0.5306666667,0.2161666667,1,0
Nicolas Batum,1,25,10.36666667,0.1546,0.1821333333,0.5647333333,0.158,0,0
Nik Stauskas,1,8,5.833333333,0.1071666667,0.1033333333,0.5296666667,0.1641666667,0,0
Nikola Jokic,2,41,20.4,0.327,0.353125,0.6285,0.259,1,5
Nikola Mirotic,1,23,12.68,0.0812,0.2482,0.5654,0.2138,0,0
Nikola Pekovic,2,31,11.7,0.06333333333,0.2776666667,0.5491666667,0.2161666667,0,0
Nikola Vucevic,1,16,16.7,0.1459166667,0.3531666667,0.5375833333,0.2425833333,0,2
Noah Vonleh,1,9,3.675,0.07225,0.29175,0.458125,0.145125,0,0
Norman Powell,2,46,12.3375,0.10525,0.12,0.57975,0.208875,1,0
Norris Cole,1,28,6.716666667,0.1933333333,0.106,0.4601666667,0.1946666667,2,0
O.J. Mayo,1,3,13.2625,0.1555,0.11675,0.522125,0.21825,0,0
OG Anunoby,1,23,11.3,0.0758,0.149,0.577,0.1616,1,0
Olden Polynice,1,8,6.45,0.0785,0.299,0.397,0.1651666667,0,0
Oliver Miller,1,22,4.48,0.1026,0.2748,0.5274,0.1478,0,0
Omer Asik,2,36,4.625,0.042125,0.3775,0.52575,0.123375,0,0
Omri Casspi,1,23,7.48,0.0879,0.2201,0.549,0.1724,0,0
Othella Harrington,2,30,6.683333333,0.05225,0.2615833333,0.5440833333,0.184,0,0
Otis Thorpe,1,9,8.58,0.1044,0.2722,0.5324,0.176,1,1
Otto Porter Jr.,1,3,9.7,0.0878,0.1972,0.563,0.1614,1,0
P.J. Brown,2,29,8.858333333,0.07691666667,0.302,0.51225,0.1504166667,1,0
P.J. Tucker,2,35,5.85,0.05983333333,0.1765,0.552,0.08966666667,1,0
Pascal Siakam,1,27,17.1,0.1608571429,0.2165714286,0.5615714286,0.2222857143,1,2
Pat Connaughton,2,41,5.7,0.0975,0.17575,0.550375,0.134875,1,0
Pat Garrity,1,19,5.87,0.0677,0.1413,0.4941,0.1587,0,0
Patrick Beverley,2,42,8.718181818,0.1760909091,0.1578181818,0.5461818182,0.1473636364,0,0
Patrick Ewing,1,1,15.18333333,0.07116666667,0.3331666667,0.5145,0.2585,0,11
Patrick McCaw,2,38,3.24,0.1238,0.0978,0.6254,0.0912,3,0
Patrick Patterson,1,14,6.563636364,0.07227272727,0.1998181818,0.543,0.144,0,0
Patty Mills,2,55,8.464285714,0.178,0.08628571429,0.5565714286,0.21,1,0
Pau Gasol,1,3,16.56111111,0.167,0.3079444444,0.5615,0.2285,2,6
Paul George,1,10,19.8,0.1806153846,0.1989230769,0.5603846154,0.2728461538,0,8
Paul Millsap,2,47,13.1,0.1204375,0.28025,0.555125,0.209375,0,4
Paul Pierce,1,10,18.93157895,0.1708421053,0.1870526316,0.5656315789,0.2564210526,1,10
Peja Stojakovic,1,14,16.32307692,0.08176923077,0.1542307692,0.5675384615,0.2124615385,1,3
PJ Dozier,0,0,3.82,0.1306,0.1906,0.4526,0.234,0,0
PJ Tucker,2,35,6.9,0.07816666667,0.2411666667,0.5268333333,0.1358333333,1,0
Popeye Jones,2,41,4.325,0.070875,0.30475,0.404,0.143625,0,0
Primoz Brezec,1,27,4.875,0.052625,0.245875,0.48575,0.17925,0,0
Quentin Richardson,1,18,9.630769231,0.08615384615,0.2073076923,0.477,0.1871538462,0,0
Quincy Acy,2,37,4.457142857,0.06285714286,0.233,0.5404285714,0.1332857143,0,0
Quincy Pondexter,1,26,4.385714286,0.08371428571,0.1347142857,0.5247142857,0.1444285714,0,0
Quinn Cook,0,0,6.08,0.1734,0.0974,0.5554,0.196,2,0
Quinton Ross,0,0,3.771428571,0.07171428571,0.1238571429,0.4545714286,0.118,0,0
Raef LaFrentz,1,3,9.4,0.0627,0.261,0.5272,0.1732,0,0
Rafer Alston,2,39,8.945454545,0.2981818182,0.1123636364,0.4649090909,0.1900909091,0,0
Raja Bell,0,0,9.2,0.08825,0.1135,0.5265,0.15875,0,0
Rajon Rondo,1,21,9.61875,0.3946875,0.1673125,0.4980625,0.18425,2,4
Ramon Sessions,2,56,9.754545455,0.2945454545,0.1277272727,0.5214545455,0.2099090909,0,0
Randy Brown,2,31,4.2,0.3258571429,0.09642857143,0.375,0.1405714286,3,0
Randy Foye,1,7,10.38181818,0.1758181818,0.1017272727,0.5192727273,0.1954545455,0,0
Randy Livingston,2,42,3.045454545,0.2232727273,0.1072727273,0.3461818182,0.1473636364,0,0
Rashard Lewis,2,32,13.76875,0.0825,0.1844375,0.544125,0.20375,1,2
Rasheed Wallace,1,4,14.27333333,0.08986666667,0.2466,0.5337333333,0.218,1,4
Rasho Nesterovic,1,17,6.466666667,0.07183333333,0.26925,0.4960833333,0.1613333333,1,0
Rasual Butler,2,52,6.815384615,0.06807692308,0.1303076923,0.5038461538,0.1723846154,0,0
Raul Neto,2,47,5.35,0.203,0.09875,0.559125,0.166125,0,0
Ray Allen,1,5,18.88333333,0.1593333333,0.1346666667,0.5823333333,0.2347222222,2,10
Raymond Felton,1,5,10.58571429,0.2713571429,0.1122142857,0.4960714286,0.2005,0,0
Reggie Bullock,1,25,6.98,0.0732,0.1277,0.5468,0.1342,0,0
Reggie Evans,0,0,3.992307692,0.04523076923,0.4484615385,0.5014615385,0.1237692308,0,0
Reggie Jackson,1,24,12.40833333,0.2614166667,0.1216666667,0.516,0.235,1,0
Reggie Miller,1,11,16.71111111,0.1348888889,0.09288888889,0.5983333333,0.2047777778,0,5
Reggie Slater,0,0,4.983333333,0.05766666667,0.2553333333,0.5421666667,0.2073333333,0,0
Reggie Williams,0,0,6.642857143,0.1394285714,0.1218571429,0.5394285714,0.2002857143,0,0
Renaldo Balkman,1,20,3.233333333,0.0725,0.2528333333,0.5098333333,0.1376666667,0,0
Richard Hamilton,1,7,16.58571429,0.1915,0.1114285714,0.5195,0.2645,1,3
Richard Jefferson,1,13,12.22352941,0.1157058824,0.1549411765,0.5619411765,0.186,1,0
Richaun Holmes,2,37,8.7625,0.07475,0.263625,0.63925,0.16375,0,0
Rick Brunson,0,0,2.822222222,0.2992222222,0.1186666667,0.4496666667,0.1666666667,0,0
Rick Fox,1,24,9.275,0.1635,0.152875,0.524625,0.171,3,0
Ricky Davis,1,21,11.45833333,0.1885833333,0.135,0.5141666667,0.21925,0,0
Ricky Rubio,1,5,10.66666667,0.3573333333,0.1471666667,0.5005833333,0.1924166667,0,0
Robert Covington,0,0,10.28,0.0688,0.192,0.5613,0.1712,0,0
Robert Horry,1,11,5.55,0.1194166667,0.2360833333,0.5085833333,0.1374166667,7,0
Robert Pack,0,0,7.175,0.333,0.103875,0.467125,0.2115,0,0
Robert Traylor,1,6,4.685714286,0.08128571429,0.3094285714,0.5047142857,0.179,0,0
Robert Williams III,1,27,6.74,0.0914,0.3144,0.7274,0.1212,0,0
Robin Lopez,1,15,8.126666667,0.06246666667,0.2247333333,0.5799333333,0.1732666667,0,0
Rod Strickland,1,19,10.86666667,0.3682222222,0.1384444444,0.4737777778,0.2073333333,0,0
Rodney Buford,2,53,5.58,0.0814,0.1518,0.4406,0.2,0,0
Rodney Carney,1,16,5.8,0.0498,0.1542,0.512,0.1852,0,0
Rodney Hood,1,23,10.05,0.100375,0.112,0.53175,0.180625,0,0
Rodney McGruder,0,0,5.6,0.08771428571,0.1372857143,0.55,0.1345714286,0,0
Rodney Rogers,1,9,10.67777778,0.138,0.214,0.516,0.2134444444,0,0
Rodney Stuckey,1,15,12.2,0.2153,0.1264,0.5101,0.2322,0,0
Roger Mason Jr.,2,30,5.21,0.1234,0.1184,0.5066,0.1685,0,0
Ron Harper,1,8,8.06,0.1678,0.1612,0.498,0.1608,5,0
Ron Mercer,1,6,12.8875,0.122375,0.115,0.458875,0.228125,0,0
Ronald Dupree,0,0,2.4,0.0995,0.2566666667,0.4295,0.1573333333,0,0
Rondae Hollis-Jefferson,1,23,7.8,0.1345,0.2401666667,0.52,0.1691666667,0,0
Ronnie Brewer,1,14,6.9375,0.10125,0.142375,0.48575,0.143,0,0
Ronnie Price,0,0,3.4,0.2,0.1089166667,0.4453333333,0.1646666667,0,0
Ronny Turiaf,2,37,3.86,0.1064,0.2394,0.5103,0.111,1,0
Roy Hibbert,1,17,9.788888889,0.08577777778,0.2734444444,0.5225555556,0.2012222222,0,2
Royal Ivey,2,37,2.77,0.1033,0.132,0.448,0.145,0,0
Royce O'Neale,0,0,6.616666667,0.117,0.1728333333,0.5753333333,0.112,0,0
Ruben Patterson,2,31,9.72,0.1096,0.2005,0.543,0.2099,0,0
Rudy Gay,1,8,15.53529412,0.11,0.2040588235,0.5345294118,0.2331764706,0,0
Rudy Gobert,1,27,12.16,0.064,0.3918,0.6525,0.158,0,3
Russell Westbrook,1,4,22.48,0.3956666667,0.2158666667,0.5248,0.3116,0,9
Rusty LaRue,0,0,4.86,0.1542,0.1114,0.4632,0.1862,1,0
Ryan Anderson,1,21,11.36666667,0.06741666667,0.2475833333,0.5351666667,0.2036666667,0,0
Ryan Arcidiacono,0,0,3.2,0.1595,0.1078333333,0.5413333333,0.1063333333,0,0
Ryan Bowen,2,55,2.67,0.0568,0.1826,0.5444,0.1004,0,0
Ryan Gomes,2,50,8.4,0.07575,0.188875,0.489625,0.16075,0,0
Ryan Hollins,2,50,3.5,0.0339,0.2199,0.6221,0.141,0,0
Sam Cassell,1,24,16.8,0.3359166667,0.11825,0.5400833333,0.26225,3,1
Sam Dekker,1,18,3.36,0.0438,0.1582,0.3204,0.091,0,0
Sam Mack,0,0,7.08,0.0952,0.1128,0.4872,0.183,0,0
Sam Mitchell,3,54,7.683333333,0.09933333333,0.1593333333,0.4988333333,0.182,0,0
Sam Perkins,1,4,6.72,0.0778,0.1996,0.5428,0.16,0,0
Samaki Walker,1,9,4.64,0.0442,0.2737,0.4674,0.1659,1,0
Samuel Dalembert,1,26,7.2,0.03853846154,0.3811538462,0.5425384615,0.1581538462,0,0
Sasha Pavlovic,1,19,4.66,0.0896,0.1316,0.4791,0.1626,0,0
Sasha Vujacic,1,27,4.87,0.1243,0.1577,0.5017,0.179,2,0
Scot Pollard,1,19,3.890909091,0.03836363636,0.312,0.5265454545,0.1263636364,1,0
Scott Burrell,1,20,5.48,0.094,0.1804,0.4974,0.1732,1,0
Scott Padgett,1,28,3.7,0.090375,0.2695,0.495375,0.172125,0,0
Scott Williams,0,0,4.533333333,0.04744444444,0.3015555556,0.4614444444,0.1683333333,3,0
Scottie Pippen,1,5,13.125,0.239625,0.185375,0.519625,0.20525,6,7
Sean Elliott,1,3,9.86,0.1238,0.1458,0.5072,0.1872,1,2
Sean Marks,2,44,2.454545455,0.03354545455,0.2461818182,0.4953636364,0.1793636364,1,0
Sean Rooks,2,30,3.6875,0.07875,0.233875,0.479875,0.15625,0,0
Sebastian Telfair,1,13,7.36,0.2698,0.0907,0.4801,0.1995,0,0
Semi Ojeleye,2,37,3.46,0.0436,0.1444,0.5114,0.1118,0,0
Serge Ibaka,1,24,11.45,0.04971428571,0.2732857143,0.5706428571,0.1867142857,1,0
Sergio Rodriguez,1,27,5.02,0.3574,0.1174,0.489,0.1938,0,0
Seth Curry,0,0,8.677777778,0.1228888889,0.1224444444,0.5285555556,0.1701111111,0,0
Shabazz Muhammad,1,14,8.56,0.0554,0.1898,0.537,0.229,0,0
Shabazz Napier,1,24,6.883333333,0.2246666667,0.117,0.5233333333,0.201,0,0
Shai Gilgeous-Alexander,1,11,21.88,0.236,0.1334,0.5856,0.2632,0,1
Shake Milton,2,54,8.68,0.1738,0.1154,0.5482,0.1842,0,0
Shammond Williams,2,34,4.828571429,0.3412857143,0.09857142857,0.5172857143,0.2001428571,0,0
Shandon Anderson,2,54,7.15,0.0975,0.167,0.5256,0.1702,1,0
Shane Battier,1,6,8.492307692,0.08592307692,0.1533076923,0.5587692308,0.1256153846,2,0
Shannon Brown,1,25,6.366666667,0.1022222222,0.107,0.484,0.2132222222,2,0
Shaquille Harrison,0,0,5.15,0.1818333333,0.1658333333,0.4763333333,0.1571666667,0,0
Shaquille O'Neal,1,1,21.88,0.1303333333,0.3434666667,0.5880666667,0.2878666667,4,15
Shareef Abdur-Rahim,1,3,16.90833333,0.13325,0.247,0.5311666667,0.2396666667,0,1
Shaun Livingston,1,4,6.342857143,0.2169285714,0.1297142857,0.5315,0.1570714286,3,0
Shavlik Randolph,0,0,2.3125,0.04425,0.388375,0.458625,0.174875,0,0
Shawn Bradley,1,2,7.277777778,0.042,0.2913333333,0.5244444444,0.1614444444,0,0
Shawn Kemp,1,17,13.48571429,0.1,0.3198571429,0.5152857143,0.2501428571,0,6
Shawn Marion,1,9,14.7625,0.088875,0.279375,0.537375,0.197,1,4
Shawne Williams,1,17,5.142857143,0.05957142857,0.2071428571,0.4814285714,0.1612857143,0,0
Shelden Williams,1,5,4.4,0.04716666667,0.3248333333,0.532,0.1538333333,0,0
Shelvin Mack,2,34,6.4875,0.271625,0.11675,0.5045,0.192,0,0
Sherman Douglas,2,28,7.52,0.2644,0.0932,0.5284,0.1778,0,0
Slava Medvedenko,0,0,4.257142857,0.07557142857,0.1977142857,0.502,0.2215714286,2,0
Smush Parker,0,0,7.54,0.2096,0.1062,0.502,0.1934,0,0
Solomon Hill,1,23,4.344444444,0.09977777778,0.1595555556,0.4648888889,0.1154444444,0,0
Solomon Jones,2,33,2.425,0.041375,0.23525,0.438125,0.12775,0,0
Speedy Claxton,1,20,7.885714286,0.3001428571,0.09971428571,0.451,0.2091428571,1,0
Spencer Dinwiddie,2,38,11.56666667,0.2895555556,0.1165555556,0.522,0.2093333333,0,0
Spencer Hawes,1,10,8.51,0.1341,0.28,0.5116,0.1937,0,0
Stacey Augmon,1,9,4.18,0.1098,0.1704,0.4843,0.1467,0,0
Stanley Johnson,1,8,5.925,0.127875,0.1695,0.502875,0.1635,0,0
Stephen Curry,1,7,24.16428571,0.2949285714,0.1435714286,0.6202142857,0.2800714286,4,9
Stephen Graham,0,0,3.8,0.07316666667,0.1763333333,0.5276666667,0.1848333333,0,0
Stephen Jackson,2,42,13.58571429,0.1490714286,0.1395,0.4931428571,0.2308571429,1,0
Stephon Marbury,1,4,18.14615385,0.3403846154,0.08930769231,0.5168461538,0.2442307692,0,2
Sterling Brown,2,46,4.5,0.0835,0.198,0.4406666667,0.1273333333,0,0
Steve Blake,2,38,6.438461538,0.2485384615,0.1020769231,0.5170769231,0.1469230769,0,0
Steve Francis,1,2,16.62222222,0.2728888889,0.165,0.5222222222,0.2395555556,0,3
Steve Kerr,2,50,4.885714286,0.126,0.07442857143,0.57,0.1408571429,5,0
Steve Nash,1,15,13.52222222,0.3836111111,0.1041666667,0.59,0.2017777778,0,8
Steve Novak,2,32,3.763636364,0.03518181818,0.1294545455,0.5860909091,0.1541818182,0,0
Steven Adams,1,12,9.21,0.0794,0.3141,0.5845,0.141,0,0
Steven Hunter,1,15,4.05,0.01625,0.232125,0.5355,0.14925,0,0
Steven Smith,1,5,13.01111111,0.1475555556,0.1161111111,0.5578888889,0.209,0,0
Stromile Swift,1,2,8,0.04344444444,0.2667777778,0.5192222222,0.2108888889,0,0
Svi Mykhailiuk,2,47,6.44,0.1236,0.103,0.5294,0.1728,0,0
T.J. Ford,1,8,9.95,0.343,0.123125,0.49575,0.212875,0,0
T.J. McConnell,0,0,7.25,0.326125,0.13825,0.544125,0.1565,0,0
T.J. Warren,1,14,16.08,0.071,0.1386,0.5682,0.2182,0,0
Taj Gibson,1,26,8.342857143,0.06592857143,0.26,0.5653571429,0.1608571429,0,0
Tariq Abdul-Wahad,1,11,6.766666667,0.09516666667,0.1773333333,0.4575,0.1888333333,0,0
Taurean Prince,1,12,10.18571429,0.1025714286,0.1485714286,0.5514285714,0.1852857143,0,0
Tayshaun Prince,1,23,10.8,0.1236428571,0.1587857143,0.5095,0.1743571429,1,0
Terrell Brandon,1,11,15.95,0.3665,0.1218333333,0.5085,0.2333333333,0,2
Terrence Jones,1,18,8.3,0.06133333333,0.3093333333,0.4858333333,0.2158333333,0,0
Terrence Ross,1,8,10.94545455,0.08536363636,0.1206363636,0.5333636364,0.1946363636,0,0
Terry Mills,1,16,6.5,0.0642,0.2242,0.4972,0.1722,0,0
Terry Porter,1,24,8.166666667,0.2481666667,0.126,0.5783333333,0.1788333333,0,2
Terry Rozier,1,16,13.3,0.194875,0.15325,0.503,0.210875,0,0
Thabo Sefolosha,1,13,5.65,0.09135714286,0.1915714286,0.5367142857,0.1302142857,0,0
Thaddeus Young,1,12,12.06875,0.10575,0.2210625,0.544875,0.1954375,0,0
Thanasis Antetokounmpo,2,51,2.74,0.0946,0.1846,0.5608,0.186,1,0
Theo Pinson,0,0,2.62,0.1694,0.1416,0.4072,0.1602,0,0
Theo Ratliff,1,18,6.58,0.03566666667,0.2445333333,0.5151333333,0.1314666667,0,1
Thomas Bryant,2,42,9.45,0.08816666667,0.2641666667,0.6261666667,0.1746666667,1,0
Thomas Robinson,1,5,4.92,0.0744,0.4072,0.4886,0.196,0,0
Thon Maker,1,10,4.46,0.0756,0.2124,0.5652,0.1574,0,0
Tiago Splitter,1,28,7.3,0.09028571429,0.2951428571,0.5851428571,0.1865714286,1,0
Tim Duncan,1,1,18.88947368,0.1588947368,0.3597368421,0.5484210526,0.2673157895,5,15
Tim Frazier,0,0,4.275,0.325375,0.123375,0.433375,0.159625,0,0
Tim Hardaway,1,14,14.2,0.3517142857,0.1025714286,0.5087142857,0.2398571429,0,5
Tim Hardaway Jr.,1,24,13.92,0.1064,0.108,0.5501,0.2138,0,0
Tim Thomas,1,7,11.07692308,0.09615384615,0.1846153846,0.5389230769,0.2138461538,0,0
Timofey Mozgov,0,0,6.075,0.04725,0.28775,0.571125,0.166375,1,0
Timothe Luwawu-Cabarrot,1,24,5.9,0.078,0.1201666667,0.5306666667,0.1605,0,0
Tobias Harris,1,19,15.675,0.11275,0.20975,0.5638333333,0.21675,0,0
Todd Fuller,1,11,3.5,0.0272,0.2938,0.4526,0.1936,0,0
Tom Gugliotta,1,6,10.78888889,0.1285555556,0.2575555556,0.4827777778,0.193,0,1
Tom Hammonds,1,9,3.94,0.0474,0.24,0.4812,0.1594,0,0
Tomas Satoransky,2,32,6.666666667,0.2515,0.1318333333,0.5483333333,0.1398333333,0,0
Toney Douglas,1,29,6.85,0.190375,0.140375,0.49575,0.193125,0,0
Toni Kukoc,2,29,11.16,0.2369,0.1848,0.5207,0.2126,3,0
Tony Allen,1,25,8.071428571,0.1004285714,0.1816428571,0.5330714286,0.1897142857,1,0
Tony Battie,1,5,5.592857143,0.052,0.2736428571,0.5055,0.1445,0,0
Tony Bradley,1,28,3.866666667,0.0555,0.349,0.5816666667,0.1601666667,0,0
Tony Delk,1,16,8.58,0.1561,0.1322,0.4998,0.2113,0,0
Tony Massenburg,2,43,5.744444444,0.03733333333,0.2806666667,0.5126666667,0.1803333333,1,0
Tony Parker,1,28,15.37222222,0.3134444444,0.09805555556,0.5410555556,0.2485,4,6
Tony Snell,1,20,6,0.07344444444,0.1107777778,0.57,0.1196666667,0,0
Torrey Craig,0,0,5.8,0.0705,0.2006666667,0.556,0.128,0,0
Tracy McGrady,1,9,18.50666667,0.2446,0.1985333333,0.5102666667,0.2717333333,0,7
Tracy Murray,1,18,6.9375,0.07,0.151875,0.482,0.209625,1,0
Trae Young,1,5,25.72,0.419,0.106,0.5798,0.3164,0,2
Travis Best,1,23,7.8,0.275,0.09655555556,0.5067777778,0.1857777778,0,0
Travis Diener,2,38,3.78,0.2164,0.0932,0.4968,0.1406,0,0
Travis Knight,1,29,3.1,0.07014285714,0.2821428571,0.4374285714,0.1492857143,1,0
Travis Outlaw,1,23,7.381818182,0.07618181818,0.181,0.4919090909,0.2058181818,0,0
Trenton Hassell,2,29,5.622222222,0.1034444444,0.1323333333,0.4836666667,0.1218888889,0,0
Trevor Ariza,2,43,9.844444444,0.1082222222,0.189,0.5317777778,0.1619444444,1,0
Trevor Booker,1,23,6.9,0.081875,0.297,0.547875,0.157,0,0
Trey Burke,1,9,9.333333333,0.2328888889,0.08688888889,0.5134444444,0.2264444444,0,0
Trey Lyles,1,12,7.525,0.08575,0.2425,0.54975,0.18425,0,0
Tristan Thompson,1,4,8.936363636,0.05890909091,0.3381818182,0.549,0.1551818182,1,0
Troy Brown Jr.,1,15,6.26,0.1028,0.19,0.5244,0.142,0,0
Troy Daniels,0,0,6.471428571,0.07414285714,0.09357142857,0.5737142857,0.1887142857,0,0
Troy Hudson,0,0,7.5,0.2607272727,0.09272727273,0.4772727273,0.2225454545,0,0
Troy Murphy,1,14,9.941666667,0.08325,0.3006666667,0.5259166667,0.1738333333,0,0
Ty Lawson,1,18,12.6875,0.303875,0.10525,0.5535,0.195875,0,0
Tyler Hansbrough,1,13,6.671428571,0.04685714286,0.2918571429,0.528,0.1845714286,0,0
Tyler Johnson,0,0,8.2625,0.1335,0.12525,0.522,0.164125,0,0
Tyler Zeller,1,17,6.1,0.07075,0.31,0.520375,0.19225,0,0
Tyreke Evans,1,4,15.58,0.2688,0.169,0.5172,0.2566,0,0
Tyrone Corbin,2,35,6.52,0.085,0.156,0.432,0.1554,0,0
Tyrone Hill,1,11,8.5625,0.044,0.337375,0.53475,0.151875,0,1
Tyronn Lue,1,23,7.718181818,0.2195454545,0.08409090909,0.5334545455,0.1826363636,2,0
Tyrus Thomas,1,4,6.85,0.091375,0.23925,0.559875,0.20025,0,0
Tyson Chandler,1,2,7.821052632,0.04694736842,0.3614210526,0.6276315789,0.1272631579,1,1
Tyus Jones,1,24,6.55,0.280375,0.09625,0.521125,0.15325,0,0
Udonis Haslem,0,0,5.83,0.05355,0.29845,0.5169,0.1575,3,0
Vernon Maxwell,2,47,9.22,0.1346,0.0972,0.4782,0.2336,2,0
Victor Oladipo,1,2,16.29,0.2051,0.1437,0.5344,0.2504,0,2
Vin Baker,1,8,11.66,0.0827,0.2465,0.508,0.2131,0,4
Vince Carter,1,5,16.34545455,0.1685,0.1580454545,0.5296363636,0.2440909091,0,8
Vinny Del Negro,2,29,6.3,0.2841666667,0.08933333333,0.4605,0.1986666667,0,0
Vitaly Potapenko,1,12,5.572727273,0.05190909091,0.2623636364,0.4726363636,0.1784545455,0,0
Vlade Divac,1,26,10.53333333,0.1848888889,0.2858888889,0.5227777778,0.1862222222,0,1
Vladimir Radmanovic,1,12,7.45,0.09775,0.20575,0.5170833333,0.1744166667,0,0
Vladimir Stepania,1,27,3.883333333,0.05716666667,0.3385,0.4381666667,0.1935,0,0
Von Wafer,2,39,3.616666667,0.08766666667,0.093,0.365,0.2323333333,0,0
Voshon Lenard,2,46,11.28,0.1357,0.1208,0.5157,0.2186,0,0
Wally Szczerbiak,1,6,14.01,0.1184,0.1484,0.5673,0.2071,0,1
Walt Williams,1,7,10.01428571,0.119,0.1715714286,0.536,0.194,0,0
Walter McCarty,1,19,4.69,0.1066,0.178,0.4863,0.1595,0,0
Wang Zhi-zhi,2,36,3.98,0.0474,0.2026,0.5098,0.2458,0,0
Wayne Ellington,1,28,7.807692308,0.08276923077,0.1093846154,0.5425384615,0.1653076923,0,0
Wendell Carter Jr.,1,7,12.6,0.113,0.306,0.5838,0.1904,0,0
Wes Iwundu,2,33,4.84,0.0596,0.1468,0.508,0.1174,0,0
Wesley Johnson,1,4,6.711111111,0.066,0.1557777778,0.4917777778,0.1511111111,0,0
Wesley Matthews,0,0,11.26428571,0.09335714286,0.1034285714,0.5522857143,0.1643571429,0,0
Wesley Person,1,23,10.44444444,0.1017777778,0.1365555556,0.5524444444,0.1697777778,0,0
Will Barton,2,40,10.85454545,0.1531818182,0.1714545455,0.5182727273,0.2027272727,0,0
Will Bynum,0,0,7,0.316125,0.103125,0.480375,0.24075,0,0
Will Perdue,1,11,3.94,0.063,0.3786,0.5624,0.118,4,0
Willie Cauley-Stein,1,6,7.714285714,0.08742857143,0.2597142857,0.5644285714,0.1547142857,0,0
Willie Green,2,41,8,0.114,0.1035833333,0.502,0.2123333333,0,0
Willy Hernangomez,2,35,7.214285714,0.1117142857,0.3771428571,0.5877142857,0.2045714286,0,0
Wilson Chandler,1,23,11.65,0.09008333333,0.19275,0.5225833333,0.1868333333,0,0
Xavier Henry,1,12,5.14,0.0618,0.1232,0.4634,0.1796,0,0
Yao Ming,1,1,18.5625,0.09225,0.3205,0.593375,0.268,0,8
Yi Jianlian,1,6,7.48,0.0514,0.2598,0.4664,0.2,0,0
Yogi Ferrell,0,0,7.22,0.194,0.1076,0.522,0.18,0,0
Yuta Watanabe,0,0,3.78,0.0692,0.1824,0.5116,0.1412,0,0
Zach Collins,1,10,7.48,0.1126,0.2442,0.5536,0.1676,0,0
Zach LaVine,1,13,20.61111111,0.2014444444,0.1306666667,0.5695555556,0.271,0,2
Zach Randolph,1,19,16.20588235,0.1075294118,0.3466470588,0.5192352941,0.2620588235,0,2
Zaza Pachulia,2,42,6.7,0.0978125,0.328375,0.5403125,0.1663125,2,0
Zeljko Rebraca,2,54,5.56,0.044,0.243,0.5772,0.184,0,0
Zendon Hamilton,0,0,3.366666667,0.0235,0.3683333333,0.5095,0.2326666667,0,0
Zydrunas Ilgauskas,1,20,12.93846154,0.06938461538,0.3155384615,0.5313076923,0.2299230769,0,2